Unity Editor version:    2022.3.50f1 (c3db7f8bf9b1)
Branch:                  2022.3/staging
Build type:              Release
Batch mode:              YES
macOS version:           Version 15.1.1 (Build 24B91)
Darwin version:          24.1.0
Architecture:            arm64
Running under Rosetta:   NO
Available memory:        24576 MB
Using pre-set license
Pro License: YES

COMMAND LINE ARGUMENTS:
/Applications/Unity/Hub/Editor/2022.3.50f1/Unity.app/Contents/MacOS/Unity
-adb2
-batchMode
-noUpm
-name
AssetImportWorker2
-projectPath
/Users/johnsonlai/Desktop/Forest_Wizard
-logFile
Logs/AssetImportWorker2.log
-srvPort
58167
Successfully changed project path to: /Users/johnsonlai/Desktop/Forest_Wizard
/Users/johnsonlai/Desktop/Forest_Wizard
[UnityMemory] Configuration Parameters - Can be set up in boot.config
    "memorysetup-bucket-allocator-granularity=16"
    "memorysetup-bucket-allocator-bucket-count=8"
    "memorysetup-bucket-allocator-block-size=33554432"
    "memorysetup-bucket-allocator-block-count=8"
    "memorysetup-main-allocator-block-size=16777216"
    "memorysetup-thread-allocator-block-size=16777216"
    "memorysetup-gfx-main-allocator-block-size=16777216"
    "memorysetup-gfx-thread-allocator-block-size=16777216"
    "memorysetup-cache-allocator-block-size=4194304"
    "memorysetup-typetree-allocator-block-size=2097152"
    "memorysetup-profiler-bucket-allocator-granularity=16"
    "memorysetup-profiler-bucket-allocator-bucket-count=8"
    "memorysetup-profiler-bucket-allocator-block-size=33554432"
    "memorysetup-profiler-bucket-allocator-block-count=8"
    "memorysetup-profiler-allocator-block-size=16777216"
    "memorysetup-profiler-editor-allocator-block-size=1048576"
    "memorysetup-temp-allocator-size-main=16777216"
    "memorysetup-job-temp-allocator-block-size=2097152"
    "memorysetup-job-temp-allocator-block-size-background=1048576"
    "memorysetup-job-temp-allocator-reduction-small-platforms=262144"
    "memorysetup-allocator-temp-initial-block-size-main=262144"
    "memorysetup-allocator-temp-initial-block-size-worker=262144"
    "memorysetup-temp-allocator-size-background-worker=32768"
    "memorysetup-temp-allocator-size-job-worker=262144"
    "memorysetup-temp-allocator-size-preload-manager=33554432"
    "memorysetup-temp-allocator-size-nav-mesh-worker=65536"
    "memorysetup-temp-allocator-size-audio-worker=65536"
    "memorysetup-temp-allocator-size-cloud-worker=32768"
    "memorysetup-temp-allocator-size-gi-baking-worker=262144"
    "memorysetup-temp-allocator-size-gfx=262144"
Player connection [8591996992]  Target information:

Player connection [8591996992]  * "[IP] 192.168.168.204 [Port] 0 [Flags] 2 [Guid] 48831364 [EditorId] 48831364 [Version] 1048832 [Id] OSXEditor(0,MacBook-Pro.local) [Debug] 1 [PackageName] OSXEditor [ProjectName] Editor" 

Player connection [8591996992] Host joined multi-casting on [225.0.0.222:54997]...
Player connection [8591996992] Host joined alternative multi-casting on [225.0.0.222:34997]...
[PhysX] Initialized MultithreadedTaskDispatcher with 8 workers.
Refreshing native plugins compatible for Editor in 36.49 ms, found 11 plugins.
Preloading 2 native plugins for Editor in 11.72 ms.
Initialize engine version: 2022.3.50f1 (c3db7f8bf9b1)
[Subsystems] Discovering subsystems at path /Applications/Unity/Hub/Editor/2022.3.50f1/Unity.app/Contents/Resources/UnitySubsystems
[Subsystems] Discovering subsystems at path /Users/johnsonlai/Desktop/Forest_Wizard/Assets
GfxDevice: creating device client; threaded=0; jobified=0
 preferred device: Apple M2 (high power)
Metal devices available: 1
0: Apple M2 (high power)
Using device Apple M2 (high power)
Initializing Metal device caps: Apple M2
Shader 'Meta/MRUK/Scene/HighlightsAndShadows': fallback shader 'Off' not found
Shader 'Oculus/OVRMRCameraFrameLit': fallback shader 'Alpha-Diffuse' not found
Initialize mono
Mono path[0] = '/Applications/Unity/Hub/Editor/2022.3.50f1/Unity.app/Contents/Managed'
Mono path[1] = '/Applications/Unity/Hub/Editor/2022.3.50f1/Unity.app/Contents/MonoBleedingEdge/lib/mono/unityjit-macos'
Mono config path = '/Applications/Unity/Hub/Editor/2022.3.50f1/Unity.app/Contents/MonoBleedingEdge/etc'
Using monoOptions --debugger-agent=transport=dt_socket,embedding=1,server=y,suspend=n,address=127.0.0.1:56685
Begin MonoManager ReloadAssembly
Registering precompiled unity dll's ...
Register platform support module: /Applications/Unity/Hub/Editor/2022.3.50f1/Unity.app/Contents/PlaybackEngines/MacStandaloneSupport/UnityEditor.OSXStandalone.Extensions.dll
Register platform support module: /Applications/Unity/Hub/Editor/2022.3.50f1/PlaybackEngines/AndroidPlayer/UnityEditor.Android.Extensions.dll
Register platform support module: /Applications/Unity/Hub/Editor/2022.3.50f1/PlaybackEngines/iOSSupport/UnityEditor.iOS.Extensions.dll
Register platform support module: /Applications/Unity/Hub/Editor/2022.3.50f1/PlaybackEngines/VisionOSPlayer/UnityEditor.VisionOS.Extensions.dll
Register platform support module: /Applications/Unity/Hub/Editor/2022.3.50f1/PlaybackEngines/AppleTVSupport/UnityEditor.AppleTV.Extensions.dll
Registered in 0.004439 seconds.
- Loaded All Assemblies, in  0.266 seconds
[usbmuxd] Start listen thread
[usbmuxd] Listen thread started
[usbmuxd] Send listen message
Native extension for AppleTV target not found
objc[20685]: Class XcodeScriptingDelegate is implemented in both /Applications/Unity/Hub/Editor/2022.3.50f1/PlaybackEngines/AppleTVSupport/arm64/UnityEditor.iOS.Native.dylib (0x312e7c5d8) and /Applications/Unity/Hub/Editor/2022.3.50f1/PlaybackEngines/VisionOSPlayer/arm64/UnityEditor.VisionOS.Native.dylib (0x312ea45d8). One of the two will be used. Which one is undefined.
[usbmuxd] Start listen thread
[usbmuxd] Listen thread started
[usbmuxd] Send listen message
Native extension for VisionOS target not found
Native extension for iOS target not found
Native extension for Android target not found
Android Extension - Scanning For ADB Devices 84 ms
Native extension for OSXStandalone target not found
Mono: successfully reloaded assembly
- Finished resetting the current domain, in  0.322 seconds
Domain Reload Profiling: 588ms
	BeginReloadAssembly (91ms)
		ExecutionOrderSort (0ms)
		DisableScriptedObjects (0ms)
		BackupInstance (0ms)
		ReleaseScriptingObjects (0ms)
		CreateAndSetChildDomain (0ms)
	RebuildCommonClasses (25ms)
	RebuildNativeTypeToScriptingClass (8ms)
	initialDomainReloadingComplete (34ms)
	LoadAllAssembliesAndSetupDomain (108ms)
		LoadAssemblies (93ms)
		RebuildTransferFunctionScriptingTraits (0ms)
		AnalyzeDomain (104ms)
			TypeCache.Refresh (103ms)
				TypeCache.ScanAssembly (93ms)
			ScanForSourceGeneratedMonoScriptInfo (0ms)
			ResolveRequiredComponents (0ms)
	FinalizeReload (323ms)
		ReleaseScriptCaches (0ms)
		RebuildScriptCaches (0ms)
		SetupLoadedEditorAssemblies (292ms)
			LogAssemblyErrors (0ms)
			InitializePlatformSupportModulesInManaged (202ms)
			SetLoadedEditorAssemblies (3ms)
			RefreshPlugins (0ms)
			BeforeProcessingInitializeOnLoad (1ms)
			ProcessInitializeOnLoadAttributes (63ms)
			ProcessInitializeOnLoadMethodAttributes (23ms)
			AfterProcessingInitializeOnLoad (0ms)
			EditorAssembliesLoaded (0ms)
		ExecutionOrderSort2 (0ms)
		AwakeInstancesAfterBackupRestoration (0ms)
========================================================================
Worker process is ready to serve import requests
Caller must complete domain reload
Begin MonoManager ReloadAssembly
Symbol file LoadedFromMemory is not a mono symbol file
- Loaded All Assemblies, in  0.567 seconds
Native extension for AppleTV target not found
Native extension for VisionOS target not found
Native extension for iOS target not found
Native extension for Android target not found
Native extension for OSXStandalone target not found
Package Manager log level set to [2]
[Package Manager] Server::EnsureServerProcessIsRunning -- launch failed, reason: Unity was launched with the -noUpm command-line argument
[Package Manager] UpmClient::Send -- Unable to send message (not connected to UPM process).
[Package Manager] Cannot connect to Unity Package Manager local server
[Package Manager] Server::EnsureServerProcessIsRunning -- launch failed, reason: Unity was launched with the -noUpm command-line argument
[Package Manager] UpmClient::Send -- Unable to send message (not connected to UPM process).
[Package Manager] Cannot connect to Unity Package Manager local server
13/12 10:11:21.345 {DEBUG}   [AnalyticsLifeTime] Pre initialization finished.
[Package Manager] Server::EnsureServerProcessIsRunning -- launch failed, reason: Unity was launched with the -noUpm command-line argument
[Package Manager] UpmClient::Send -- Unable to send message (not connected to UPM process).
[Package Manager] Cannot connect to Unity Package Manager local server
Mono: successfully reloaded assembly
[Package Manager] Server::EnsureServerProcessIsRunning -- launch failed, reason: Unity was launched with the -noUpm command-line argument
[Package Manager] UpmClient::Send -- Unable to send message (not connected to UPM process).
[Package Manager] Cannot connect to Unity Package Manager local server
[Package Manager] Server::EnsureServerProcessIsRunning -- launch failed, reason: Unity was launched with the -noUpm command-line argument
[Package Manager] UpmClient::Send -- Unable to send message (not connected to UPM process).
[Package Manager] Cannot connect to Unity Package Manager local server
- Finished resetting the current domain, in  0.678 seconds
Domain Reload Profiling: 1245ms
	BeginReloadAssembly (76ms)
		ExecutionOrderSort (0ms)
		DisableScriptedObjects (3ms)
		BackupInstance (0ms)
		ReleaseScriptingObjects (0ms)
		CreateAndSetChildDomain (17ms)
	RebuildCommonClasses (23ms)
	RebuildNativeTypeToScriptingClass (8ms)
	initialDomainReloadingComplete (21ms)
	LoadAllAssembliesAndSetupDomain (438ms)
		LoadAssemblies (278ms)
		RebuildTransferFunctionScriptingTraits (0ms)
		AnalyzeDomain (193ms)
			TypeCache.Refresh (155ms)
				TypeCache.ScanAssembly (135ms)
			ScanForSourceGeneratedMonoScriptInfo (23ms)
			ResolveRequiredComponents (15ms)
	FinalizeReload (679ms)
		ReleaseScriptCaches (0ms)
		RebuildScriptCaches (0ms)
		SetupLoadedEditorAssemblies (538ms)
			LogAssemblyErrors (0ms)
			InitializePlatformSupportModulesInManaged (16ms)
			SetLoadedEditorAssemblies (3ms)
			RefreshPlugins (0ms)
			BeforeProcessingInitializeOnLoad (60ms)
			ProcessInitializeOnLoadAttributes (428ms)
			ProcessInitializeOnLoadMethodAttributes (30ms)
			AfterProcessingInitializeOnLoad (1ms)
			EditorAssembliesLoaded (0ms)
		ExecutionOrderSort2 (0ms)
		AwakeInstancesAfterBackupRestoration (1ms)
Shader 'Oculus/OVRMRCameraFrameLit': fallback shader 'Alpha-Diffuse' not found
Shader 'Meta/MRUK/Scene/HighlightsAndShadows': fallback shader 'Off' not found
[OVRPlugin][INFO] UnityPluginLoad called
Launching external process: /Applications/Unity/Hub/Editor/2022.3.50f1/Unity.app/Contents/Tools/UnityShaderCompiler
Launched and connected shader compiler UnityShaderCompiler after 0.02 seconds
Refreshing native plugins compatible for Editor in 4.23 ms, found 11 plugins.
Preloading 2 native plugins for Editor in 0.31 ms.
Unloading 8318 Unused Serialized files (Serialized files now loaded: 0)
Unloading 52 unused Assets / (3.4 MB). Loaded Objects now: 8781.
Memory consumption went from 355.9 MB to 352.5 MB.
Total: 5.042000 ms (FindLiveObjects: 0.205500 ms CreateObjectMapping: 0.117000 ms MarkObjects: 4.317416 ms  DeleteObjects: 0.401500 ms)

AssetImportParameters requested are different than current active one (requested -> active):
  custom:container-demuxer-ogg: 62fdf1f143b41e24485cea50d1cbac27 -> 
  custom:container-muxer-webm: aa71ff27fc2769a1b78a27578f13a17b -> 
  custom:video-decoder-webm-vp8: 9c59270c3fd7afecdb556c50c9e8de78 -> 
  custom:SearchIndexIgnoredProperties: e643bd26f0fe6173181afceb89e7c659 -> 
  custom:AudioImporter_EditorPlatform: 3918e3fc78b5a79bad01e8451be0beb8 -> 
  custom:audio-decoder-ogg-vorbis: bf7c407c2cedff20999df2af8eb42d56 -> 
  custom:audio-encoder-webm-vorbis: bf7c407c2cedff20999df2af8eb42d56 -> 
  custom:video-decoder-ogg-theora: a1e56fd34408186e4bbccfd4996cb3dc -> 
  custom:CustomObjectIndexerAttribute: 3ead1caaecf1c488f20bcfeb224b6af5 -> 
  custom:container-demuxer-webm: 4f35f7cbe854078d1ac9338744f61a02 -> 
  custom:framework-osx-AVFoundation: e770b220cccbd017edd2c1fefb359320 -> 
  custom:video-encoder-webm-vp8: eb34c28f22e8b96e1ab97ce403110664 -> 
========================================================================
Received Import Request.
  Time since last request: 269698.081679 seconds.
  path: Assets/Scenes 1/opening.unity
  artifactKey: Guid(c2090d7d5744ead4db978de5a76785dc) Importer(815301076,1909f56bfc062723c751e8b465ee728b)
Start importing Assets/Scenes 1/opening.unity using Guid(c2090d7d5744ead4db978de5a76785dc) Importer(815301076,1909f56bfc062723c751e8b465ee728b) [PhysX] Initialized MultithreadedTaskDispatcher with 8 workers.
 -> (artifact id: '5653f72c80422b6228847c9263f398a4') in 0.002628 seconds
Number of updated asset objects reloaded before import = 0
Number of asset objects unloaded after import = 0
========================================================================
Received Import Request.
  Time since last request: 420.094697 seconds.
  path: Assets/Scenes 1/morning.unity
  artifactKey: Guid(1822d12d6375f43d1953d3dee2cb0b1f) Importer(815301076,1909f56bfc062723c751e8b465ee728b)
Start importing Assets/Scenes 1/morning.unity using Guid(1822d12d6375f43d1953d3dee2cb0b1f) Importer(815301076,1909f56bfc062723c751e8b465ee728b) [PhysX] Initialized MultithreadedTaskDispatcher with 8 workers.
 -> (artifact id: 'c294739c106aa6517c0dea2e5f20dd4e') in 0.000913 seconds
Number of updated asset objects reloaded before import = 0
Number of asset objects unloaded after import = 0
========================================================================
Received Prepare
Caller must complete domain reload
Begin MonoManager ReloadAssembly
Thread 0x339387000 may have been prematurely finalized
Symbol file LoadedFromMemory is not a mono symbol file
- Loaded All Assemblies, in  0.462 seconds
Native extension for AppleTV target not found
Native extension for VisionOS target not found
Native extension for iOS target not found
Native extension for Android target not found
Native extension for OSXStandalone target not found
[Package Manager] Server::EnsureServerProcessIsRunning -- launch failed, reason: Unity was launched with the -noUpm command-line argument
[Package Manager] UpmClient::Send -- Unable to send message (not connected to UPM process).
[Package Manager] Cannot connect to Unity Package Manager local server
[Package Manager] Server::EnsureServerProcessIsRunning -- launch failed, reason: Unity was launched with the -noUpm command-line argument
[Package Manager] UpmClient::Send -- Unable to send message (not connected to UPM process).
[Package Manager] Cannot connect to Unity Package Manager local server
[Package Manager] Server::EnsureServerProcessIsRunning -- launch failed, reason: Unity was launched with the -noUpm command-line argument
[Package Manager] UpmClient::Send -- Unable to send message (not connected to UPM process).
[Package Manager] Cannot connect to Unity Package Manager local server
Mono: successfully reloaded assembly
[Package Manager] Server::EnsureServerProcessIsRunning -- launch failed, reason: Unity was launched with the -noUpm command-line argument
[Package Manager] UpmClient::Send -- Unable to send message (not connected to UPM process).
[Package Manager] Cannot connect to Unity Package Manager local server
- Finished resetting the current domain, in  1.481 seconds
Domain Reload Profiling: 1942ms
	BeginReloadAssembly (144ms)
		ExecutionOrderSort (0ms)
		DisableScriptedObjects (3ms)
		BackupInstance (0ms)
		ReleaseScriptingObjects (0ms)
		CreateAndSetChildDomain (71ms)
	RebuildCommonClasses (23ms)
	RebuildNativeTypeToScriptingClass (8ms)
	initialDomainReloadingComplete (19ms)
	LoadAllAssembliesAndSetupDomain (267ms)
		LoadAssemblies (230ms)
		RebuildTransferFunctionScriptingTraits (0ms)
		AnalyzeDomain (69ms)
			TypeCache.Refresh (14ms)
				TypeCache.ScanAssembly (2ms)
			ScanForSourceGeneratedMonoScriptInfo (36ms)
			ResolveRequiredComponents (18ms)
	FinalizeReload (1481ms)
		ReleaseScriptCaches (0ms)
		RebuildScriptCaches (0ms)
		SetupLoadedEditorAssemblies (479ms)
			LogAssemblyErrors (0ms)
			InitializePlatformSupportModulesInManaged (22ms)
			SetLoadedEditorAssemblies (3ms)
			RefreshPlugins (0ms)
			BeforeProcessingInitializeOnLoad (61ms)
			ProcessInitializeOnLoadAttributes (360ms)
			ProcessInitializeOnLoadMethodAttributes (31ms)
			AfterProcessingInitializeOnLoad (1ms)
			EditorAssembliesLoaded (0ms)
		ExecutionOrderSort2 (0ms)
		AwakeInstancesAfterBackupRestoration (12ms)
Shader 'Oculus/OVRMRCameraFrameLit': fallback shader 'Alpha-Diffuse' not found
Shader 'Meta/MRUK/Scene/HighlightsAndShadows': fallback shader 'Off' not found
Refreshing native plugins compatible for Editor in 2.95 ms, found 11 plugins.
Preloading 2 native plugins for Editor in 0.32 ms.
Unloading 7999 Unused Serialized files (Serialized files now loaded: 0)
Unloading 33 unused Assets / (3.4 MB). Loaded Objects now: 8798.
Memory consumption went from 299.5 MB to 296.1 MB.
Total: 5.220625 ms (FindLiveObjects: 0.249667 ms CreateObjectMapping: 0.150917 ms MarkObjects: 4.498125 ms  DeleteObjects: 0.321250 ms)

Prepare: number of updated asset objects reloaded= 0
AssetImportParameters requested are different than current active one (requested -> active):
  custom:container-demuxer-ogg: 62fdf1f143b41e24485cea50d1cbac27 -> 
  custom:container-muxer-webm: aa71ff27fc2769a1b78a27578f13a17b -> 
  custom:video-decoder-webm-vp8: 9c59270c3fd7afecdb556c50c9e8de78 -> 
  custom:SearchIndexIgnoredProperties: e643bd26f0fe6173181afceb89e7c659 -> 
  custom:AudioImporter_EditorPlatform: 3918e3fc78b5a79bad01e8451be0beb8 -> 
  custom:audio-decoder-ogg-vorbis: bf7c407c2cedff20999df2af8eb42d56 -> 
  custom:audio-encoder-webm-vorbis: bf7c407c2cedff20999df2af8eb42d56 -> 
  custom:scripting/precompiled-assembly-types:Assembly-CSharp: e4dd1785908b3a282a4373327aa0bd69 -> 5c56344c110a598e59555a8ee14399d7
  custom:video-decoder-ogg-theora: a1e56fd34408186e4bbccfd4996cb3dc -> 
  custom:CustomObjectIndexerAttribute: 3ead1caaecf1c488f20bcfeb224b6af5 -> 
  custom:container-demuxer-webm: 4f35f7cbe854078d1ac9338744f61a02 -> 
  custom:framework-osx-AVFoundation: e770b220cccbd017edd2c1fefb359320 -> 
  custom:video-encoder-webm-vp8: eb34c28f22e8b96e1ab97ce403110664 -> 
========================================================================
Received Import Request.
  Time since last request: 153.227452 seconds.
  path: Assets/Scenes 1/morning.unity
  artifactKey: Guid(1822d12d6375f43d1953d3dee2cb0b1f) Importer(815301076,1909f56bfc062723c751e8b465ee728b)
Start importing Assets/Scenes 1/morning.unity using Guid(1822d12d6375f43d1953d3dee2cb0b1f) Importer(815301076,1909f56bfc062723c751e8b465ee728b) [PhysX] Initialized MultithreadedTaskDispatcher with 8 workers.
 -> (artifact id: 'd356115a1ec83860c7d81824fe9fded9') in 0.001161 seconds
Number of updated asset objects reloaded before import = 0
Number of asset objects unloaded after import = 0
========================================================================
Received Import Request.
  Time since last request: 29.835264 seconds.
  path: Assets/Scenes 1/morning.unity
  artifactKey: Guid(1822d12d6375f43d1953d3dee2cb0b1f) Importer(815301076,1909f56bfc062723c751e8b465ee728b)
Start importing Assets/Scenes 1/morning.unity using Guid(1822d12d6375f43d1953d3dee2cb0b1f) Importer(815301076,1909f56bfc062723c751e8b465ee728b) [PhysX] Initialized MultithreadedTaskDispatcher with 8 workers.
 -> (artifact id: '2dbfb33f6ced95a17ae9d629e71c5f44') in 0.001095 seconds
Number of updated asset objects reloaded before import = 0
Number of asset objects unloaded after import = 0
========================================================================
Received Prepare
Caller must complete domain reload
Begin MonoManager ReloadAssembly
Thread 0x16b9f3000 may have been prematurely finalized
Symbol file LoadedFromMemory is not a mono symbol file
- Loaded All Assemblies, in  0.515 seconds
Native extension for AppleTV target not found
Native extension for VisionOS target not found
Native extension for iOS target not found
Native extension for Android target not found
Native extension for OSXStandalone target not found
[Package Manager] Server::EnsureServerProcessIsRunning -- launch failed, reason: Unity was launched with the -noUpm command-line argument
[Package Manager] UpmClient::Send -- Unable to send message (not connected to UPM process).
[Package Manager] Cannot connect to Unity Package Manager local server
[Package Manager] Server::EnsureServerProcessIsRunning -- launch failed, reason: Unity was launched with the -noUpm command-line argument
[Package Manager] UpmClient::Send -- Unable to send message (not connected to UPM process).
[Package Manager] Cannot connect to Unity Package Manager local server
[Package Manager] Server::EnsureServerProcessIsRunning -- launch failed, reason: Unity was launched with the -noUpm command-line argument
[Package Manager] UpmClient::Send -- Unable to send message (not connected to UPM process).
[Package Manager] Cannot connect to Unity Package Manager local server
Mono: successfully reloaded assembly
[Package Manager] Server::EnsureServerProcessIsRunning -- launch failed, reason: Unity was launched with the -noUpm command-line argument
[Package Manager] UpmClient::Send -- Unable to send message (not connected to UPM process).
[Package Manager] Cannot connect to Unity Package Manager local server
- Finished resetting the current domain, in  1.490 seconds
Domain Reload Profiling: 2004ms
	BeginReloadAssembly (117ms)
		ExecutionOrderSort (0ms)
		DisableScriptedObjects (3ms)
		BackupInstance (0ms)
		ReleaseScriptingObjects (0ms)
		CreateAndSetChildDomain (50ms)
	RebuildCommonClasses (22ms)
	RebuildNativeTypeToScriptingClass (8ms)
	initialDomainReloadingComplete (15ms)
	LoadAllAssembliesAndSetupDomain (354ms)
		LoadAssemblies (311ms)
		RebuildTransferFunctionScriptingTraits (0ms)
		AnalyzeDomain (78ms)
			TypeCache.Refresh (19ms)
				TypeCache.ScanAssembly (3ms)
			ScanForSourceGeneratedMonoScriptInfo (39ms)
			ResolveRequiredComponents (20ms)
	FinalizeReload (1490ms)
		ReleaseScriptCaches (0ms)
		RebuildScriptCaches (0ms)
		SetupLoadedEditorAssemblies (482ms)
			LogAssemblyErrors (0ms)
			InitializePlatformSupportModulesInManaged (18ms)
			SetLoadedEditorAssemblies (3ms)
			RefreshPlugins (0ms)
			BeforeProcessingInitializeOnLoad (64ms)
			ProcessInitializeOnLoadAttributes (366ms)
			ProcessInitializeOnLoadMethodAttributes (30ms)
			AfterProcessingInitializeOnLoad (0ms)
			EditorAssembliesLoaded (0ms)
		ExecutionOrderSort2 (0ms)
		AwakeInstancesAfterBackupRestoration (11ms)
Shader 'Oculus/OVRMRCameraFrameLit': fallback shader 'Alpha-Diffuse' not found
Shader 'Meta/MRUK/Scene/HighlightsAndShadows': fallback shader 'Off' not found
Refreshing native plugins compatible for Editor in 2.99 ms, found 11 plugins.
Preloading 2 native plugins for Editor in 0.35 ms.
Unloading 7999 Unused Serialized files (Serialized files now loaded: 0)
Unloading 33 unused Assets / (3.4 MB). Loaded Objects now: 8815.
Memory consumption went from 309.1 MB to 305.7 MB.
Total: 5.343292 ms (FindLiveObjects: 0.240834 ms CreateObjectMapping: 0.176750 ms MarkObjects: 4.609375 ms  DeleteObjects: 0.315667 ms)

Prepare: number of updated asset objects reloaded= 0
AssetImportParameters requested are different than current active one (requested -> active):
  custom:container-demuxer-ogg: 62fdf1f143b41e24485cea50d1cbac27 -> 
  custom:container-muxer-webm: aa71ff27fc2769a1b78a27578f13a17b -> 
  custom:video-decoder-webm-vp8: 9c59270c3fd7afecdb556c50c9e8de78 -> 
  custom:SearchIndexIgnoredProperties: e643bd26f0fe6173181afceb89e7c659 -> 
  custom:AudioImporter_EditorPlatform: 3918e3fc78b5a79bad01e8451be0beb8 -> 
  custom:audio-decoder-ogg-vorbis: bf7c407c2cedff20999df2af8eb42d56 -> 
  custom:audio-encoder-webm-vorbis: bf7c407c2cedff20999df2af8eb42d56 -> 
  custom:scripting/precompiled-assembly-types:Assembly-CSharp: e4dd1785908b3a282a4373327aa0bd69 -> 5c56344c110a598e59555a8ee14399d7
  custom:video-decoder-ogg-theora: a1e56fd34408186e4bbccfd4996cb3dc -> 
  custom:CustomObjectIndexerAttribute: 3ead1caaecf1c488f20bcfeb224b6af5 -> 
  custom:container-demuxer-webm: 4f35f7cbe854078d1ac9338744f61a02 -> 
  custom:framework-osx-AVFoundation: e770b220cccbd017edd2c1fefb359320 -> 
  custom:video-encoder-webm-vp8: eb34c28f22e8b96e1ab97ce403110664 -> 
========================================================================
Received Import Request.
  Time since last request: 192.786477 seconds.
  path: Assets/Scenes 1/opening.unity
  artifactKey: Guid(c2090d7d5744ead4db978de5a76785dc) Importer(815301076,1909f56bfc062723c751e8b465ee728b)
Start importing Assets/Scenes 1/opening.unity using Guid(c2090d7d5744ead4db978de5a76785dc) Importer(815301076,1909f56bfc062723c751e8b465ee728b) [PhysX] Initialized MultithreadedTaskDispatcher with 8 workers.
 -> (artifact id: 'fdc8e8e9ce7595ef90c910ab8b95aad2') in 0.001948 seconds
Number of updated asset objects reloaded before import = 0
Number of asset objects unloaded after import = 0
========================================================================
Received Import Request.
  Time since last request: 97.174933 seconds.
  path: Assets/Animal Asset/Fox/Animations/Fox_Run_Right_InPlace.fbx
  artifactKey: Guid(490c9560e31fae748af6de79fbaecb10) Importer(815301076,1909f56bfc062723c751e8b465ee728b)
Start importing Assets/Animal Asset/Fox/Animations/Fox_Run_Right_InPlace.fbx using Guid(490c9560e31fae748af6de79fbaecb10) Importer(815301076,1909f56bfc062723c751e8b465ee728b) [PhysX] Initialized MultithreadedTaskDispatcher with 8 workers.
[PhysX] Initialized MultithreadedTaskDispatcher with 8 workers.
[PhysX] Initialized MultithreadedTaskDispatcher with 8 workers.
[PhysX] Initialized MultithreadedTaskDispatcher with 8 workers.
[PhysX] Initialized MultithreadedTaskDispatcher with 8 workers.
 -> (artifact id: '43a64301ff3b83ee29c7672c8cf7c6da') in 1.092913 seconds
Number of updated asset objects reloaded before import = 0
Number of asset objects unloaded after import = 110
========================================================================
Received Import Request.
  Time since last request: 0.311385 seconds.
  path: Assets/Animal Asset/Fox/Animations/Fox_Jump_InAir.fbx
  artifactKey: Guid(e004cd5a03acf764d911027f6ca2b528) Importer(815301076,1909f56bfc062723c751e8b465ee728b)
Start importing Assets/Animal Asset/Fox/Animations/Fox_Jump_InAir.fbx using Guid(e004cd5a03acf764d911027f6ca2b528) Importer(815301076,1909f56bfc062723c751e8b465ee728b) [PhysX] Initialized MultithreadedTaskDispatcher with 8 workers.
[PhysX] Initialized MultithreadedTaskDispatcher with 8 workers.
[PhysX] Initialized MultithreadedTaskDispatcher with 8 workers.
[PhysX] Initialized MultithreadedTaskDispatcher with 8 workers.
[PhysX] Initialized MultithreadedTaskDispatcher with 8 workers.
 -> (artifact id: '900c14d4582c999935b420f0012b2170') in 0.021035 seconds
Number of updated asset objects reloaded before import = 0
Number of asset objects unloaded after import = 91
========================================================================
Received Import Request.
  Time since last request: 0.023279 seconds.
  path: Assets/Animal Asset/Fox/Animations/Fox_Idle.fbx
  artifactKey: Guid(09884bf878afb4549bea8fb4f77e5ea0) Importer(815301076,1909f56bfc062723c751e8b465ee728b)
Start importing Assets/Animal Asset/Fox/Animations/Fox_Idle.fbx using Guid(09884bf878afb4549bea8fb4f77e5ea0) Importer(815301076,1909f56bfc062723c751e8b465ee728b) [PhysX] Initialized MultithreadedTaskDispatcher with 8 workers.
[PhysX] Initialized MultithreadedTaskDispatcher with 8 workers.
[PhysX] Initialized MultithreadedTaskDispatcher with 8 workers.
[PhysX] Initialized MultithreadedTaskDispatcher with 8 workers.
[PhysX] Initialized MultithreadedTaskDispatcher with 8 workers.
 -> (artifact id: 'bd14c8b714c9879fc66453754c88a151') in 0.018595 seconds
Number of updated asset objects reloaded before import = 0
Number of asset objects unloaded after import = 91
========================================================================
Received Import Request.
  Time since last request: 34.141898 seconds.
  path: Assets/Animal Asset/Fox/Animations/Fox_Falling_Left.fbx
  artifactKey: Guid(9eb4afe5321a98247a4a1b7f9e0e5ee6) Importer(815301076,1909f56bfc062723c751e8b465ee728b)
Start importing Assets/Animal Asset/Fox/Animations/Fox_Falling_Left.fbx using Guid(9eb4afe5321a98247a4a1b7f9e0e5ee6) Importer(815301076,1909f56bfc062723c751e8b465ee728b) [PhysX] Initialized MultithreadedTaskDispatcher with 8 workers.
[PhysX] Initialized MultithreadedTaskDispatcher with 8 workers.
[PhysX] Initialized MultithreadedTaskDispatcher with 8 workers.
[PhysX] Initialized MultithreadedTaskDispatcher with 8 workers.
[PhysX] Initialized MultithreadedTaskDispatcher with 8 workers.
 -> (artifact id: 'be57d19fd916cd3e69f2b2d8a0aaa2be') in 0.021846 seconds
Number of updated asset objects reloaded before import = 0
Number of asset objects unloaded after import = 91
========================================================================
Received Import Request.
  Time since last request: 0.000032 seconds.
  path: Assets/Animal Asset/Fox/Animations/Fox_Somersault.fbx
  artifactKey: Guid(ce33bd1fdecb0de4dba1419f7763a5b0) Importer(815301076,1909f56bfc062723c751e8b465ee728b)
Start importing Assets/Animal Asset/Fox/Animations/Fox_Somersault.fbx using Guid(ce33bd1fdecb0de4dba1419f7763a5b0) Importer(815301076,1909f56bfc062723c751e8b465ee728b) [PhysX] Initialized MultithreadedTaskDispatcher with 8 workers.
[PhysX] Initialized MultithreadedTaskDispatcher with 8 workers.
[PhysX] Initialized MultithreadedTaskDispatcher with 8 workers.
[PhysX] Initialized MultithreadedTaskDispatcher with 8 workers.
[PhysX] Initialized MultithreadedTaskDispatcher with 8 workers.
 -> (artifact id: 'd83d11b921da1ec138e76c2097a77247') in 0.019365 seconds
Number of updated asset objects reloaded before import = 0
Number of asset objects unloaded after import = 91
========================================================================
Received Import Request.
  Time since last request: 0.000029 seconds.
  path: Assets/Animal Asset/Fox/Animations/Fox_Walk_InPlace.fbx
  artifactKey: Guid(236b1614aa86e0f4db0792352a73d455) Importer(815301076,1909f56bfc062723c751e8b465ee728b)
Start importing Assets/Animal Asset/Fox/Animations/Fox_Walk_InPlace.fbx using Guid(236b1614aa86e0f4db0792352a73d455) Importer(815301076,1909f56bfc062723c751e8b465ee728b) [PhysX] Initialized MultithreadedTaskDispatcher with 8 workers.
[PhysX] Initialized MultithreadedTaskDispatcher with 8 workers.
[PhysX] Initialized MultithreadedTaskDispatcher with 8 workers.
[PhysX] Initialized MultithreadedTaskDispatcher with 8 workers.
[PhysX] Initialized MultithreadedTaskDispatcher with 8 workers.
 -> (artifact id: 'e060a03932981ee915b4870a7e69f5ed') in 0.018311 seconds
Number of updated asset objects reloaded before import = 0
Number of asset objects unloaded after import = 91
========================================================================
Received Import Request.
  Time since last request: 0.000040 seconds.
  path: Assets/Animal Asset/Fox/Animations/Fox_Walk_Right_InPlace.fbx
  artifactKey: Guid(bdbaf568193ceb44eb952bb2af5f3837) Importer(815301076,1909f56bfc062723c751e8b465ee728b)
Start importing Assets/Animal Asset/Fox/Animations/Fox_Walk_Right_InPlace.fbx using Guid(bdbaf568193ceb44eb952bb2af5f3837) Importer(815301076,1909f56bfc062723c751e8b465ee728b) [PhysX] Initialized MultithreadedTaskDispatcher with 8 workers.
[PhysX] Initialized MultithreadedTaskDispatcher with 8 workers.
[PhysX] Initialized MultithreadedTaskDispatcher with 8 workers.
[PhysX] Initialized MultithreadedTaskDispatcher with 8 workers.
[PhysX] Initialized MultithreadedTaskDispatcher with 8 workers.
 -> (artifact id: '7af59ade444e4c4a68b56d6006480c11') in 0.019195 seconds
Number of updated asset objects reloaded before import = 0
Number of asset objects unloaded after import = 91
========================================================================
Received Import Request.
  Time since last request: 0.000030 seconds.
  path: Assets/Samples/XR Interaction Toolkit/2.6.3/Starter Assets/DemoSceneAssets/Models/PushButton.fbx
  artifactKey: Guid(7ab6f3b0fd1a6ba41b2a47766c16613f) Importer(815301076,1909f56bfc062723c751e8b465ee728b)
Start importing Assets/Samples/XR Interaction Toolkit/2.6.3/Starter Assets/DemoSceneAssets/Models/PushButton.fbx using Guid(7ab6f3b0fd1a6ba41b2a47766c16613f) Importer(815301076,1909f56bfc062723c751e8b465ee728b) [PhysX] Initialized MultithreadedTaskDispatcher with 8 workers.
[PhysX] Initialized MultithreadedTaskDispatcher with 8 workers.
[PhysX] Initialized MultithreadedTaskDispatcher with 8 workers.
[PhysX] Initialized MultithreadedTaskDispatcher with 8 workers.
[PhysX] Initialized MultithreadedTaskDispatcher with 8 workers.
[PhysX] Initialized MultithreadedTaskDispatcher with 8 workers.
[PhysX] Initialized MultithreadedTaskDispatcher with 8 workers.
[PhysX] Initialized MultithreadedTaskDispatcher with 8 workers.
[PhysX] Initialized MultithreadedTaskDispatcher with 8 workers.
 -> (artifact id: '9c524fdfc0b4a1f27e64f833d3617267') in 0.028741 seconds
Number of updated asset objects reloaded before import = 0
Number of asset objects unloaded after import = 19
========================================================================
Received Import Request.
  Time since last request: 0.001713 seconds.
  path: Assets/SharedAssets/FirstPersonController/Mobile/UI/BackgroundCirkle.mat
  artifactKey: Guid(7202317cf25b04ed9b01c9fdaa793114) Importer(815301076,1909f56bfc062723c751e8b465ee728b)
Start importing Assets/SharedAssets/FirstPersonController/Mobile/UI/BackgroundCirkle.mat using Guid(7202317cf25b04ed9b01c9fdaa793114) Importer(815301076,1909f56bfc062723c751e8b465ee728b) [PhysX] Initialized MultithreadedTaskDispatcher with 8 workers.
[PhysX] Initialized MultithreadedTaskDispatcher with 8 workers.
 -> (artifact id: 'c046219c8efcb050026e169598645b2b') in 0.012242 seconds
Number of updated asset objects reloaded before import = 0
Number of asset objects unloaded after import = 2
========================================================================
Received Import Request.
  Time since last request: 0.000079 seconds.
  path: Assets/Animal Asset/Fox/Animations/Fox_Walk_Back_InPlace.fbx
  artifactKey: Guid(90c44eee7e281954292e37471017ab8e) Importer(815301076,1909f56bfc062723c751e8b465ee728b)
Start importing Assets/Animal Asset/Fox/Animations/Fox_Walk_Back_InPlace.fbx using Guid(90c44eee7e281954292e37471017ab8e) Importer(815301076,1909f56bfc062723c751e8b465ee728b) [PhysX] Initialized MultithreadedTaskDispatcher with 8 workers.
[PhysX] Initialized MultithreadedTaskDispatcher with 8 workers.
[PhysX] Initialized MultithreadedTaskDispatcher with 8 workers.
[PhysX] Initialized MultithreadedTaskDispatcher with 8 workers.
[PhysX] Initialized MultithreadedTaskDispatcher with 8 workers.
 -> (artifact id: 'a872330f41c7f8678d0dcb99ce1040b9') in 0.020252 seconds
Number of updated asset objects reloaded before import = 0
Number of asset objects unloaded after import = 91
========================================================================
Received Import Request.
  Time since last request: 0.000034 seconds.
  path: Assets/Samples/Universal RP/14.0.11/URP Package Samples/Decals/BlobShadow/BlobShadow_Graph.shadergraph
  artifactKey: Guid(0bb4596125b68476b9ce0035f4d8b8cf) Importer(815301076,1909f56bfc062723c751e8b465ee728b)
Start importing Assets/Samples/Universal RP/14.0.11/URP Package Samples/Decals/BlobShadow/BlobShadow_Graph.shadergraph using Guid(0bb4596125b68476b9ce0035f4d8b8cf) Importer(815301076,1909f56bfc062723c751e8b465ee728b) [PhysX] Initialized MultithreadedTaskDispatcher with 8 workers.
[PhysX] Initialized MultithreadedTaskDispatcher with 8 workers.
 -> (artifact id: 'a5ad9772407dcadc7135147a2532125a') in 0.923525 seconds
Number of updated asset objects reloaded before import = 0
Number of asset objects unloaded after import = 3
========================================================================
Received Import Request.
  Time since last request: 0.000036 seconds.
  path: Assets/Samples/Universal RP/14.0.11/URP Package Samples/RendererFeatures/BlitToRTHandle/BlitMaterial.shadergraph
  artifactKey: Guid(0cdec85a92f7b8d45adac3d51fcd56df) Importer(815301076,1909f56bfc062723c751e8b465ee728b)
Start importing Assets/Samples/Universal RP/14.0.11/URP Package Samples/RendererFeatures/BlitToRTHandle/BlitMaterial.shadergraph using Guid(0cdec85a92f7b8d45adac3d51fcd56df) Importer(815301076,1909f56bfc062723c751e8b465ee728b) [PhysX] Initialized MultithreadedTaskDispatcher with 8 workers.
[PhysX] Initialized MultithreadedTaskDispatcher with 8 workers.
 -> (artifact id: '2ca00dd4bb6b83fa99d21ecaf5fcd120') in 0.152491 seconds
Number of updated asset objects reloaded before import = 0
Number of asset objects unloaded after import = 3
========================================================================
Received Import Request.
  Time since last request: 0.000031 seconds.
  path: Assets/SharedAssets/Shaders/BiplanarMapping/BiplanarShader.shadergraph
  artifactKey: Guid(b65ba6e52b2e6dd4b8d244fe91f52036) Importer(815301076,1909f56bfc062723c751e8b465ee728b)
Start importing Assets/SharedAssets/Shaders/BiplanarMapping/BiplanarShader.shadergraph using Guid(b65ba6e52b2e6dd4b8d244fe91f52036) Importer(815301076,1909f56bfc062723c751e8b465ee728b) [PhysX] Initialized MultithreadedTaskDispatcher with 8 workers.
[PhysX] Initialized MultithreadedTaskDispatcher with 8 workers.
 -> (artifact id: 'c3bee200fb74819e42992e2df304a323') in 1.080049 seconds
Number of updated asset objects reloaded before import = 0
Number of asset objects unloaded after import = 3
========================================================================
Received Import Request.
  Time since last request: 169.953784 seconds.
  path: Assets/Animal Asset/Quirky Series Ultimate/FREE/Animations/Muskrat_Animations.fbx
  artifactKey: Guid(0f1eb8fcb39d732419a570705c23a921) Importer(815301076,1909f56bfc062723c751e8b465ee728b)
Start importing Assets/Animal Asset/Quirky Series Ultimate/FREE/Animations/Muskrat_Animations.fbx using Guid(0f1eb8fcb39d732419a570705c23a921) Importer(815301076,1909f56bfc062723c751e8b465ee728b) [PhysX] Initialized MultithreadedTaskDispatcher with 8 workers.
[PhysX] Initialized MultithreadedTaskDispatcher with 8 workers.
[PhysX] Initialized MultithreadedTaskDispatcher with 8 workers.
[PhysX] Initialized MultithreadedTaskDispatcher with 8 workers.
[PhysX] Initialized MultithreadedTaskDispatcher with 8 workers.
 -> (artifact id: 'bed5b5dd29573886d178f0eee4cdd83a') in 0.050613 seconds
Number of updated asset objects reloaded before import = 0
Number of asset objects unloaded after import = 53
========================================================================
Received Import Request.
  Time since last request: 0.000037 seconds.
  path: Assets/Samples/Universal RP/14.0.11/URP Package Samples/CameraStacking/3D Skybox/Shaders/SkyPlanet.shadergraph
  artifactKey: Guid(40f56175ab2214d54b4b9d869609e6e5) Importer(815301076,1909f56bfc062723c751e8b465ee728b)
Start importing Assets/Samples/Universal RP/14.0.11/URP Package Samples/CameraStacking/3D Skybox/Shaders/SkyPlanet.shadergraph using Guid(40f56175ab2214d54b4b9d869609e6e5) Importer(815301076,1909f56bfc062723c751e8b465ee728b) [PhysX] Initialized MultithreadedTaskDispatcher with 8 workers.
[PhysX] Initialized MultithreadedTaskDispatcher with 8 workers.
 -> (artifact id: '17fd730140cec0c785daa8202d9649ce') in 0.270372 seconds
Number of updated asset objects reloaded before import = 0
Number of asset objects unloaded after import = 3
========================================================================
Received Import Request.
  Time since last request: 482.529291 seconds.
  path: Assets/Scenes 1/morning.unity
  artifactKey: Guid(1822d12d6375f43d1953d3dee2cb0b1f) Importer(815301076,1909f56bfc062723c751e8b465ee728b)
Start importing Assets/Scenes 1/morning.unity using Guid(1822d12d6375f43d1953d3dee2cb0b1f) Importer(815301076,1909f56bfc062723c751e8b465ee728b) [PhysX] Initialized MultithreadedTaskDispatcher with 8 workers.
 -> (artifact id: 'be43635a83b5dc2c0fa0e7b9bc2450bd') in 0.002741 seconds
Number of updated asset objects reloaded before import = 0
Number of asset objects unloaded after import = 0
========================================================================
Received Import Request.
  Time since last request: 27.033947 seconds.
  path: Assets/Material/Emit.mat
  artifactKey: Guid(60d3e14db8ed84bf4ae64b5186fd6564) Importer(815301076,1909f56bfc062723c751e8b465ee728b)
Start importing Assets/Material/Emit.mat using Guid(60d3e14db8ed84bf4ae64b5186fd6564) Importer(815301076,1909f56bfc062723c751e8b465ee728b) [PhysX] Initialized MultithreadedTaskDispatcher with 8 workers.
[PhysX] Initialized MultithreadedTaskDispatcher with 8 workers.
 -> (artifact id: '3f0eefa8d958b18a500e4f65e13b21fb') in 0.025441 seconds
Number of updated asset objects reloaded before import = 0
Number of asset objects unloaded after import = 2
========================================================================
Received Import Request.
  Time since last request: 0.000038 seconds.
  path: Assets/Material/terrain1 (1).fbx
  artifactKey: Guid(30c2ac7b98da54456acb1e9aa1ab0d79) Importer(815301076,1909f56bfc062723c751e8b465ee728b)
Start importing Assets/Material/terrain1 (1).fbx using Guid(30c2ac7b98da54456acb1e9aa1ab0d79) Importer(815301076,1909f56bfc062723c751e8b465ee728b) [PhysX] Initialized MultithreadedTaskDispatcher with 8 workers.
[PhysX] Initialized MultithreadedTaskDispatcher with 8 workers.
[PhysX] Initialized MultithreadedTaskDispatcher with 8 workers.
 -> (artifact id: '7791a6cfb9cd428ec8e53b6f2c4643ba') in 0.012473 seconds
Number of updated asset objects reloaded before import = 0
Number of asset objects unloaded after import = 8
========================================================================
Received Import Request.
  Time since last request: 0.000032 seconds.
  path: Assets/Material/ON.mat
  artifactKey: Guid(9c3e319dfd2404bab84d478baf7d24fc) Importer(815301076,1909f56bfc062723c751e8b465ee728b)
Start importing Assets/Material/ON.mat using Guid(9c3e319dfd2404bab84d478baf7d24fc) Importer(815301076,1909f56bfc062723c751e8b465ee728b) [PhysX] Initialized MultithreadedTaskDispatcher with 8 workers.
[PhysX] Initialized MultithreadedTaskDispatcher with 8 workers.
 -> (artifact id: '7c07388aec2de7fa48e2b2911367a940') in 0.032676 seconds
Number of updated asset objects reloaded before import = 0
Number of asset objects unloaded after import = 2
========================================================================
Received Import Request.
  Time since last request: 0.000054 seconds.
  path: Assets/Material/terrain_new.fbx
  artifactKey: Guid(ecfc925542f374505bdf22d044aeb833) Importer(815301076,1909f56bfc062723c751e8b465ee728b)
Start importing Assets/Material/terrain_new.fbx using Guid(ecfc925542f374505bdf22d044aeb833) Importer(815301076,1909f56bfc062723c751e8b465ee728b) [PhysX] Initialized MultithreadedTaskDispatcher with 8 workers.
 -> (artifact id: '63d55e88bc523ea9c318a02552e09799') in 0.000291 seconds
Number of updated asset objects reloaded before import = 0
Number of asset objects unloaded after import = 0
========================================================================
Received Import Request.
  Time since last request: 0.000086 seconds.
  path: Assets/Material/State3.mat
  artifactKey: Guid(0712fa3fa6ace4d6c99d9e2364e6b98f) Importer(815301076,1909f56bfc062723c751e8b465ee728b)
Start importing Assets/Material/State3.mat using Guid(0712fa3fa6ace4d6c99d9e2364e6b98f) Importer(815301076,1909f56bfc062723c751e8b465ee728b) [PhysX] Initialized MultithreadedTaskDispatcher with 8 workers.
[PhysX] Initialized MultithreadedTaskDispatcher with 8 workers.
 -> (artifact id: '830cd020eb05817195906f6a5d4c5b8d') in 0.006400 seconds
Number of updated asset objects reloaded before import = 0
Number of asset objects unloaded after import = 2
========================================================================
Received Import Request.
  Time since last request: 0.000043 seconds.
  path: Assets/Material/New Material.mat
  artifactKey: Guid(475c0df60b8014ee69978acbd04f72ea) Importer(815301076,1909f56bfc062723c751e8b465ee728b)
Start importing Assets/Material/New Material.mat using Guid(475c0df60b8014ee69978acbd04f72ea) Importer(815301076,1909f56bfc062723c751e8b465ee728b) [PhysX] Initialized MultithreadedTaskDispatcher with 8 workers.
[PhysX] Initialized MultithreadedTaskDispatcher with 8 workers.
 -> (artifact id: 'b6266b3545d6f8040346cd4c01e90f19') in 0.621080 seconds
Number of updated asset objects reloaded before import = 0
Number of asset objects unloaded after import = 2
========================================================================
Received Import Request.
  Time since last request: 3.809900 seconds.
  path: Assets/Material/Materials
  artifactKey: Guid(a5abf9a53ce0a418f8692773fa839161) Importer(815301076,1909f56bfc062723c751e8b465ee728b)
Start importing Assets/Material/Materials using Guid(a5abf9a53ce0a418f8692773fa839161) Importer(815301076,1909f56bfc062723c751e8b465ee728b) [PhysX] Initialized MultithreadedTaskDispatcher with 8 workers.
 -> (artifact id: '129c39b545a902f1cb2bd455ae9abcdc') in 0.000336 seconds
Number of updated asset objects reloaded before import = 0
Number of asset objects unloaded after import = 0
========================================================================
Received Import Request.
  Time since last request: 0.076386 seconds.
  path: Assets/Material/Materials/Material.001 Base Color.mat
  artifactKey: Guid(e4cee160e0b1f4ac89352db17279477c) Importer(815301076,1909f56bfc062723c751e8b465ee728b)
Start importing Assets/Material/Materials/Material.001 Base Color.mat using Guid(e4cee160e0b1f4ac89352db17279477c) Importer(815301076,1909f56bfc062723c751e8b465ee728b) [PhysX] Initialized MultithreadedTaskDispatcher with 8 workers.
[PhysX] Initialized MultithreadedTaskDispatcher with 8 workers.
 -> (artifact id: '1498fbbf24ed17a08a8af8d5e258ab39') in 0.010582 seconds
Number of updated asset objects reloaded before import = 0
Number of asset objects unloaded after import = 3
========================================================================
Received Import Request.
  Time since last request: 11.005515 seconds.
  path: Assets/Material/terrain_new.fbx
  artifactKey: Guid(ecfc925542f374505bdf22d044aeb833) Importer(815301076,1909f56bfc062723c751e8b465ee728b)
Start importing Assets/Material/terrain_new.fbx using Guid(ecfc925542f374505bdf22d044aeb833) Importer(815301076,1909f56bfc062723c751e8b465ee728b) [PhysX] Initialized MultithreadedTaskDispatcher with 8 workers.
 -> (artifact id: '63d55e88bc523ea9c318a02552e09799') in 0.000370 seconds
Number of updated asset objects reloaded before import = 0
Number of asset objects unloaded after import = 0
========================================================================
Received Import Request.
  Time since last request: 19.050720 seconds.
  path: Assets/Material/morning/floor.mat
  artifactKey: Guid(693cff46620d44edc80eb804c0d6f49c) Importer(815301076,1909f56bfc062723c751e8b465ee728b)
Start importing Assets/Material/morning/floor.mat using Guid(693cff46620d44edc80eb804c0d6f49c) Importer(815301076,1909f56bfc062723c751e8b465ee728b) [PhysX] Initialized MultithreadedTaskDispatcher with 8 workers.
[PhysX] Initialized MultithreadedTaskDispatcher with 8 workers.
 -> (artifact id: '837d4f61cb1e1291786bd6f903b45768') in 0.007069 seconds
Number of updated asset objects reloaded before import = 0
Number of asset objects unloaded after import = 2
========================================================================
Received Import Request.
  Time since last request: 31.112943 seconds.
  path: Assets/Material/morning/fadeScreen.mat
  artifactKey: Guid(9251471f0e7f84099b661a0f6e1633e7) Importer(815301076,1909f56bfc062723c751e8b465ee728b)
Start importing Assets/Material/morning/fadeScreen.mat using Guid(9251471f0e7f84099b661a0f6e1633e7) Importer(815301076,1909f56bfc062723c751e8b465ee728b) [PhysX] Initialized MultithreadedTaskDispatcher with 8 workers.
[PhysX] Initialized MultithreadedTaskDispatcher with 8 workers.
 -> (artifact id: '736113488cf4ee3550d18857a8b18d42') in 0.007298 seconds
Number of updated asset objects reloaded before import = 0
Number of asset objects unloaded after import = 2
========================================================================
Received Import Request.
  Time since last request: 124.734927 seconds.
  path: Assets/Material/morning/floor.mat
  artifactKey: Guid(693cff46620d44edc80eb804c0d6f49c) Importer(815301076,1909f56bfc062723c751e8b465ee728b)
Start importing Assets/Material/morning/floor.mat using Guid(693cff46620d44edc80eb804c0d6f49c) Importer(815301076,1909f56bfc062723c751e8b465ee728b) [PhysX] Initialized MultithreadedTaskDispatcher with 8 workers.
[PhysX] Initialized MultithreadedTaskDispatcher with 8 workers.
 -> (artifact id: '598db62646ae91b4986cc679c63ee368') in 0.008295 seconds
Number of updated asset objects reloaded before import = 0
Number of asset objects unloaded after import = 2
========================================================================
Received Import Request.
  Time since last request: 47.153997 seconds.
  path: Assets/Scenes 1/morning.unity
  artifactKey: Guid(1822d12d6375f43d1953d3dee2cb0b1f) Importer(815301076,1909f56bfc062723c751e8b465ee728b)
Start importing Assets/Scenes 1/morning.unity using Guid(1822d12d6375f43d1953d3dee2cb0b1f) Importer(815301076,1909f56bfc062723c751e8b465ee728b) [PhysX] Initialized MultithreadedTaskDispatcher with 8 workers.
 -> (artifact id: '30353312357051332e5257ddc945219d') in 0.000711 seconds
Number of updated asset objects reloaded before import = 0
Number of asset objects unloaded after import = 0
========================================================================
Received Prepare
Caller must complete domain reload
Begin MonoManager ReloadAssembly
Thread 0x16b967000 may have been prematurely finalized
Symbol file LoadedFromMemory is not a mono symbol file
- Loaded All Assemblies, in  0.442 seconds
Native extension for AppleTV target not found
Native extension for VisionOS target not found
Native extension for iOS target not found
Native extension for Android target not found
Native extension for OSXStandalone target not found
[Package Manager] Server::EnsureServerProcessIsRunning -- launch failed, reason: Unity was launched with the -noUpm command-line argument
[Package Manager] UpmClient::Send -- Unable to send message (not connected to UPM process).
[Package Manager] Cannot connect to Unity Package Manager local server
[Package Manager] Server::EnsureServerProcessIsRunning -- launch failed, reason: Unity was launched with the -noUpm command-line argument
[Package Manager] UpmClient::Send -- Unable to send message (not connected to UPM process).
[Package Manager] Cannot connect to Unity Package Manager local server
[Package Manager] Server::EnsureServerProcessIsRunning -- launch failed, reason: Unity was launched with the -noUpm command-line argument
[Package Manager] UpmClient::Send -- Unable to send message (not connected to UPM process).
[Package Manager] Cannot connect to Unity Package Manager local server
Mono: successfully reloaded assembly
[Package Manager] Server::EnsureServerProcessIsRunning -- launch failed, reason: Unity was launched with the -noUpm command-line argument
[Package Manager] UpmClient::Send -- Unable to send message (not connected to UPM process).
[Package Manager] Cannot connect to Unity Package Manager local server
- Finished resetting the current domain, in  1.488 seconds
Domain Reload Profiling: 1930ms
	BeginReloadAssembly (135ms)
		ExecutionOrderSort (0ms)
		DisableScriptedObjects (9ms)
		BackupInstance (0ms)
		ReleaseScriptingObjects (0ms)
		CreateAndSetChildDomain (64ms)
	RebuildCommonClasses (23ms)
	RebuildNativeTypeToScriptingClass (8ms)
	initialDomainReloadingComplete (20ms)
	LoadAllAssembliesAndSetupDomain (255ms)
		LoadAssemblies (209ms)
		RebuildTransferFunctionScriptingTraits (0ms)
		AnalyzeDomain (79ms)
			TypeCache.Refresh (19ms)
				TypeCache.ScanAssembly (2ms)
			ScanForSourceGeneratedMonoScriptInfo (42ms)
			ResolveRequiredComponents (18ms)
	FinalizeReload (1489ms)
		ReleaseScriptCaches (0ms)
		RebuildScriptCaches (0ms)
		SetupLoadedEditorAssemblies (505ms)
			LogAssemblyErrors (0ms)
			InitializePlatformSupportModulesInManaged (23ms)
			SetLoadedEditorAssemblies (4ms)
			RefreshPlugins (0ms)
			BeforeProcessingInitializeOnLoad (65ms)
			ProcessInitializeOnLoadAttributes (381ms)
			ProcessInitializeOnLoadMethodAttributes (31ms)
			AfterProcessingInitializeOnLoad (1ms)
			EditorAssembliesLoaded (0ms)
		ExecutionOrderSort2 (0ms)
		AwakeInstancesAfterBackupRestoration (12ms)
Shader 'Oculus/OVRMRCameraFrameLit': fallback shader 'Alpha-Diffuse' not found
Shader 'Meta/MRUK/Scene/HighlightsAndShadows': fallback shader 'Off' not found
Refreshing native plugins compatible for Editor in 2.99 ms, found 11 plugins.
Preloading 2 native plugins for Editor in 0.37 ms.
Unloading 8003 Unused Serialized files (Serialized files now loaded: 0)
Unloading 33 unused Assets / (3.4 MB). Loaded Objects now: 8918.
Memory consumption went from 345.6 MB to 342.2 MB.
Total: 5.550708 ms (FindLiveObjects: 0.238833 ms CreateObjectMapping: 0.166750 ms MarkObjects: 4.841500 ms  DeleteObjects: 0.303167 ms)

Prepare: number of updated asset objects reloaded= 0
AssetImportParameters requested are different than current active one (requested -> active):
  custom:container-demuxer-ogg: 62fdf1f143b41e24485cea50d1cbac27 -> 
  custom:container-muxer-webm: aa71ff27fc2769a1b78a27578f13a17b -> 
  custom:video-decoder-webm-vp8: 9c59270c3fd7afecdb556c50c9e8de78 -> 
  custom:SearchIndexIgnoredProperties: e643bd26f0fe6173181afceb89e7c659 -> 
  custom:AudioImporter_EditorPlatform: 3918e3fc78b5a79bad01e8451be0beb8 -> 
  custom:audio-decoder-ogg-vorbis: bf7c407c2cedff20999df2af8eb42d56 -> 
  custom:audio-encoder-webm-vorbis: bf7c407c2cedff20999df2af8eb42d56 -> 
  custom:scripting/precompiled-assembly-types:Assembly-CSharp: e4dd1785908b3a282a4373327aa0bd69 -> 5c56344c110a598e59555a8ee14399d7
  custom:video-decoder-ogg-theora: a1e56fd34408186e4bbccfd4996cb3dc -> 
  custom:CustomObjectIndexerAttribute: 3ead1caaecf1c488f20bcfeb224b6af5 -> 
  custom:container-demuxer-webm: 4f35f7cbe854078d1ac9338744f61a02 -> 
  custom:framework-osx-AVFoundation: e770b220cccbd017edd2c1fefb359320 -> 
  custom:video-encoder-webm-vp8: eb34c28f22e8b96e1ab97ce403110664 -> 
========================================================================
Received Import Request.
  Time since last request: 502.102106 seconds.
  path: Assets/Scenes 1/new proto 1
  artifactKey: Guid(962ab39f10b724380be3b6cb7a977bd7) Importer(815301076,1909f56bfc062723c751e8b465ee728b)
Start importing Assets/Scenes 1/new proto 1 using Guid(962ab39f10b724380be3b6cb7a977bd7) Importer(815301076,1909f56bfc062723c751e8b465ee728b) [PhysX] Initialized MultithreadedTaskDispatcher with 8 workers.
 -> (artifact id: 'bab5b986dd990725b9f3412bb1fdd3a5') in 0.014298 seconds
Number of updated asset objects reloaded before import = 0
Number of asset objects unloaded after import = 0
========================================================================
Received Import Request.
  Time since last request: 7.429061 seconds.
  path: Assets/Scenes 1/new proto
  artifactKey: Guid(0d9c8f3eff0f25c4e8c9fb9e3cc0dd89) Importer(815301076,1909f56bfc062723c751e8b465ee728b)
Start importing Assets/Scenes 1/new proto using Guid(0d9c8f3eff0f25c4e8c9fb9e3cc0dd89) Importer(815301076,1909f56bfc062723c751e8b465ee728b) [PhysX] Initialized MultithreadedTaskDispatcher with 8 workers.
 -> (artifact id: '5e3986ac38883d89b2f8d3c5f0638950') in 0.000383 seconds
Number of updated asset objects reloaded before import = 0
Number of asset objects unloaded after import = 0
========================================================================
Received Import Request.
  Time since last request: 0.042350 seconds.
  path: Assets/Scenes 1/new proto/Global Volume Profile.asset
  artifactKey: Guid(820e56a49188947ef8d3f74b5da2135a) Importer(815301076,1909f56bfc062723c751e8b465ee728b)
Start importing Assets/Scenes 1/new proto/Global Volume Profile.asset using Guid(820e56a49188947ef8d3f74b5da2135a) Importer(815301076,1909f56bfc062723c751e8b465ee728b) [PhysX] Initialized MultithreadedTaskDispatcher with 8 workers.
 -> (artifact id: 'cc476ab5b3a0259a2952f5c5f5ea1c85') in 0.037525 seconds
Number of updated asset objects reloaded before import = 0
Number of asset objects unloaded after import = 2
========================================================================
Received Import Request.
  Time since last request: 5.677704 seconds.
  path: Assets/Scenes 1/MainScene
  artifactKey: Guid(0647a72b58fc2469c8bd925311c98651) Importer(815301076,1909f56bfc062723c751e8b465ee728b)
Start importing Assets/Scenes 1/MainScene using Guid(0647a72b58fc2469c8bd925311c98651) Importer(815301076,1909f56bfc062723c751e8b465ee728b) [PhysX] Initialized MultithreadedTaskDispatcher with 8 workers.
 -> (artifact id: '4e739d27e7b4a019200cdf802cc76940') in 0.000330 seconds
Number of updated asset objects reloaded before import = 0
Number of asset objects unloaded after import = 0
========================================================================
Received Import Request.
  Time since last request: 0.076603 seconds.
  path: Assets/Scenes 1/MainScene/LightingData.asset
  artifactKey: Guid(b6fb36ac1de964b7dbf01bbee3485f38) Importer(815301076,1909f56bfc062723c751e8b465ee728b)
Start importing Assets/Scenes 1/MainScene/LightingData.asset using Guid(b6fb36ac1de964b7dbf01bbee3485f38) Importer(815301076,1909f56bfc062723c751e8b465ee728b) [PhysX] Initialized MultithreadedTaskDispatcher with 8 workers.
 -> (artifact id: 'b90e3d47661251f2f4389a9e94f0bd01') in 0.001092 seconds
Number of updated asset objects reloaded before import = 0
Number of asset objects unloaded after import = 1
========================================================================
Received Import Request.
  Time since last request: 0.000191 seconds.
  path: Assets/Scenes 1/MainScene/ReflectionProbe-0.exr
  artifactKey: Guid(5fb8c269eed98458bbc6a06d4e0a4438) Importer(815301076,1909f56bfc062723c751e8b465ee728b)
Start importing Assets/Scenes 1/MainScene/ReflectionProbe-0.exr using Guid(5fb8c269eed98458bbc6a06d4e0a4438) Importer(815301076,1909f56bfc062723c751e8b465ee728b) [PhysX] Initialized MultithreadedTaskDispatcher with 8 workers.
[PhysX] Initialized MultithreadedTaskDispatcher with 8 workers.
[PhysX] Initialized MultithreadedTaskDispatcher with 8 workers.
 -> (artifact id: '4997b331837eec1bdcceb2b7e687971d') in 0.188344 seconds
Number of updated asset objects reloaded before import = 0
Number of asset objects unloaded after import = 21
========================================================================
Received Import Request.
  Time since last request: 7.780759 seconds.
  path: Assets/Scenes 1/new proto_Profiles
  artifactKey: Guid(b229a6593e94f479a966d1b07701f57f) Importer(815301076,1909f56bfc062723c751e8b465ee728b)
Start importing Assets/Scenes 1/new proto_Profiles using Guid(b229a6593e94f479a966d1b07701f57f) Importer(815301076,1909f56bfc062723c751e8b465ee728b) [PhysX] Initialized MultithreadedTaskDispatcher with 8 workers.
 -> (artifact id: '5ffc269f9f740cc005329c41e1e69ee5') in 0.000329 seconds
Number of updated asset objects reloaded before import = 0
Number of asset objects unloaded after import = 0
========================================================================
Received Import Request.
  Time since last request: 0.071358 seconds.
  path: Assets/Scenes 1/new proto_Profiles/Camera Profile.asset
  artifactKey: Guid(d176bf7a0816f4852b3f740b9794f43f) Importer(815301076,1909f56bfc062723c751e8b465ee728b)
Start importing Assets/Scenes 1/new proto_Profiles/Camera Profile.asset using Guid(d176bf7a0816f4852b3f740b9794f43f) Importer(815301076,1909f56bfc062723c751e8b465ee728b) [PhysX] Initialized MultithreadedTaskDispatcher with 8 workers.
 -> (artifact id: '386c123646f460c69027c9f59fb225bf') in 0.002998 seconds
Number of updated asset objects reloaded before import = 0
Number of asset objects unloaded after import = 2
========================================================================
Received Prepare
Caller must complete domain reload
Begin MonoManager ReloadAssembly
Thread 0x16b967000 may have been prematurely finalized
Symbol file LoadedFromMemory is not a mono symbol file
- Loaded All Assemblies, in  0.433 seconds
Native extension for AppleTV target not found
Native extension for VisionOS target not found
Native extension for iOS target not found
Native extension for Android target not found
Native extension for OSXStandalone target not found
[Package Manager] Server::EnsureServerProcessIsRunning -- launch failed, reason: Unity was launched with the -noUpm command-line argument
[Package Manager] UpmClient::Send -- Unable to send message (not connected to UPM process).
[Package Manager] Cannot connect to Unity Package Manager local server
[Package Manager] Server::EnsureServerProcessIsRunning -- launch failed, reason: Unity was launched with the -noUpm command-line argument
[Package Manager] UpmClient::Send -- Unable to send message (not connected to UPM process).
[Package Manager] Cannot connect to Unity Package Manager local server
[Package Manager] Server::EnsureServerProcessIsRunning -- launch failed, reason: Unity was launched with the -noUpm command-line argument
[Package Manager] UpmClient::Send -- Unable to send message (not connected to UPM process).
[Package Manager] Cannot connect to Unity Package Manager local server
Mono: successfully reloaded assembly
[Package Manager] Server::EnsureServerProcessIsRunning -- launch failed, reason: Unity was launched with the -noUpm command-line argument
[Package Manager] UpmClient::Send -- Unable to send message (not connected to UPM process).
[Package Manager] Cannot connect to Unity Package Manager local server
- Finished resetting the current domain, in  1.585 seconds
Domain Reload Profiling: 2018ms
	BeginReloadAssembly (142ms)
		ExecutionOrderSort (0ms)
		DisableScriptedObjects (10ms)
		BackupInstance (0ms)
		ReleaseScriptingObjects (0ms)
		CreateAndSetChildDomain (58ms)
	RebuildCommonClasses (22ms)
	RebuildNativeTypeToScriptingClass (8ms)
	initialDomainReloadingComplete (14ms)
	LoadAllAssembliesAndSetupDomain (247ms)
		LoadAssemblies (219ms)
		RebuildTransferFunctionScriptingTraits (0ms)
		AnalyzeDomain (63ms)
			TypeCache.Refresh (13ms)
				TypeCache.ScanAssembly (2ms)
			ScanForSourceGeneratedMonoScriptInfo (32ms)
			ResolveRequiredComponents (18ms)
	FinalizeReload (1585ms)
		ReleaseScriptCaches (0ms)
		RebuildScriptCaches (0ms)
		SetupLoadedEditorAssemblies (535ms)
			LogAssemblyErrors (0ms)
			InitializePlatformSupportModulesInManaged (24ms)
			SetLoadedEditorAssemblies (4ms)
			RefreshPlugins (0ms)
			BeforeProcessingInitializeOnLoad (67ms)
			ProcessInitializeOnLoadAttributes (406ms)
			ProcessInitializeOnLoadMethodAttributes (34ms)
			AfterProcessingInitializeOnLoad (1ms)
			EditorAssembliesLoaded (0ms)
		ExecutionOrderSort2 (0ms)
		AwakeInstancesAfterBackupRestoration (13ms)
Shader 'Oculus/OVRMRCameraFrameLit': fallback shader 'Alpha-Diffuse' not found
Shader 'Meta/MRUK/Scene/HighlightsAndShadows': fallback shader 'Off' not found
Refreshing native plugins compatible for Editor in 3.10 ms, found 11 plugins.
Preloading 2 native plugins for Editor in 0.36 ms.
Unloading 7999 Unused Serialized files (Serialized files now loaded: 0)
Unloading 33 unused Assets / (3.4 MB). Loaded Objects now: 8973.
Memory consumption went from 364.9 MB to 361.5 MB.
Total: 6.086166 ms (FindLiveObjects: 0.279083 ms CreateObjectMapping: 0.185708 ms MarkObjects: 5.222417 ms  DeleteObjects: 0.397791 ms)

Prepare: number of updated asset objects reloaded= 0
AssetImportParameters requested are different than current active one (requested -> active):
  custom:container-demuxer-ogg: 62fdf1f143b41e24485cea50d1cbac27 -> 
  custom:container-muxer-webm: aa71ff27fc2769a1b78a27578f13a17b -> 
  custom:video-decoder-webm-vp8: 9c59270c3fd7afecdb556c50c9e8de78 -> 
  custom:SearchIndexIgnoredProperties: e643bd26f0fe6173181afceb89e7c659 -> 
  custom:AudioImporter_EditorPlatform: 3918e3fc78b5a79bad01e8451be0beb8 -> 
  custom:audio-decoder-ogg-vorbis: bf7c407c2cedff20999df2af8eb42d56 -> 
  custom:audio-encoder-webm-vorbis: bf7c407c2cedff20999df2af8eb42d56 -> 
  custom:scripting/precompiled-assembly-types:Assembly-CSharp: 767c35d692a0df1c222f006455a2b3a1 -> 5c56344c110a598e59555a8ee14399d7
  custom:video-decoder-ogg-theora: a1e56fd34408186e4bbccfd4996cb3dc -> 
  custom:CustomObjectIndexerAttribute: 3ead1caaecf1c488f20bcfeb224b6af5 -> 
  custom:container-demuxer-webm: 4f35f7cbe854078d1ac9338744f61a02 -> 
  custom:framework-osx-AVFoundation: e770b220cccbd017edd2c1fefb359320 -> 
  custom:video-encoder-webm-vp8: eb34c28f22e8b96e1ab97ce403110664 -> 
========================================================================
Received Prepare
Caller must complete domain reload
Begin MonoManager ReloadAssembly
Thread 0x16b3ef000 may have been prematurely finalized
Symbol file LoadedFromMemory is not a mono symbol file
- Loaded All Assemblies, in  0.421 seconds
Native extension for AppleTV target not found
Native extension for VisionOS target not found
Native extension for iOS target not found
Native extension for Android target not found
Native extension for OSXStandalone target not found
[Package Manager] Server::EnsureServerProcessIsRunning -- launch failed, reason: Unity was launched with the -noUpm command-line argument
[Package Manager] UpmClient::Send -- Unable to send message (not connected to UPM process).
[Package Manager] Cannot connect to Unity Package Manager local server
[Package Manager] Server::EnsureServerProcessIsRunning -- launch failed, reason: Unity was launched with the -noUpm command-line argument
[Package Manager] UpmClient::Send -- Unable to send message (not connected to UPM process).
[Package Manager] Cannot connect to Unity Package Manager local server
[Package Manager] Server::EnsureServerProcessIsRunning -- launch failed, reason: Unity was launched with the -noUpm command-line argument
[Package Manager] UpmClient::Send -- Unable to send message (not connected to UPM process).
[Package Manager] Cannot connect to Unity Package Manager local server
Mono: successfully reloaded assembly
[Package Manager] Server::EnsureServerProcessIsRunning -- launch failed, reason: Unity was launched with the -noUpm command-line argument
[Package Manager] UpmClient::Send -- Unable to send message (not connected to UPM process).
[Package Manager] Cannot connect to Unity Package Manager local server
- Finished resetting the current domain, in  1.510 seconds
Domain Reload Profiling: 1931ms
	BeginReloadAssembly (131ms)
		ExecutionOrderSort (0ms)
		DisableScriptedObjects (4ms)
		BackupInstance (0ms)
		ReleaseScriptingObjects (0ms)
		CreateAndSetChildDomain (64ms)
	RebuildCommonClasses (23ms)
	RebuildNativeTypeToScriptingClass (9ms)
	initialDomainReloadingComplete (16ms)
	LoadAllAssembliesAndSetupDomain (242ms)
		LoadAssemblies (212ms)
		RebuildTransferFunctionScriptingTraits (0ms)
		AnalyzeDomain (64ms)
			TypeCache.Refresh (13ms)
				TypeCache.ScanAssembly (2ms)
			ScanForSourceGeneratedMonoScriptInfo (33ms)
			ResolveRequiredComponents (17ms)
	FinalizeReload (1510ms)
		ReleaseScriptCaches (0ms)
		RebuildScriptCaches (0ms)
		SetupLoadedEditorAssemblies (516ms)
			LogAssemblyErrors (0ms)
			InitializePlatformSupportModulesInManaged (24ms)
			SetLoadedEditorAssemblies (3ms)
			RefreshPlugins (0ms)
			BeforeProcessingInitializeOnLoad (63ms)
			ProcessInitializeOnLoadAttributes (392ms)
			ProcessInitializeOnLoadMethodAttributes (33ms)
			AfterProcessingInitializeOnLoad (1ms)
			EditorAssembliesLoaded (0ms)
		ExecutionOrderSort2 (0ms)
		AwakeInstancesAfterBackupRestoration (13ms)
Shader 'Oculus/OVRMRCameraFrameLit': fallback shader 'Alpha-Diffuse' not found
Shader 'Meta/MRUK/Scene/HighlightsAndShadows': fallback shader 'Off' not found
Refreshing native plugins compatible for Editor in 2.93 ms, found 11 plugins.
Preloading 2 native plugins for Editor in 0.36 ms.
Unloading 7999 Unused Serialized files (Serialized files now loaded: 0)
Unloading 33 unused Assets / (3.4 MB). Loaded Objects now: 8990.
Memory consumption went from 374.1 MB to 370.7 MB.
Total: 5.310416 ms (FindLiveObjects: 0.250667 ms CreateObjectMapping: 0.126458 ms MarkObjects: 4.569292 ms  DeleteObjects: 0.363250 ms)

Prepare: number of updated asset objects reloaded= 0
AssetImportParameters requested are different than current active one (requested -> active):
  custom:container-demuxer-ogg: 62fdf1f143b41e24485cea50d1cbac27 -> 
  custom:container-muxer-webm: aa71ff27fc2769a1b78a27578f13a17b -> 
  custom:video-decoder-webm-vp8: 9c59270c3fd7afecdb556c50c9e8de78 -> 
  custom:SearchIndexIgnoredProperties: e643bd26f0fe6173181afceb89e7c659 -> 
  custom:AudioImporter_EditorPlatform: 3918e3fc78b5a79bad01e8451be0beb8 -> 
  custom:audio-decoder-ogg-vorbis: bf7c407c2cedff20999df2af8eb42d56 -> 
  custom:audio-encoder-webm-vorbis: bf7c407c2cedff20999df2af8eb42d56 -> 
  custom:scripting/precompiled-assembly-types:Assembly-CSharp: 767c35d692a0df1c222f006455a2b3a1 -> 5c56344c110a598e59555a8ee14399d7
  custom:video-decoder-ogg-theora: a1e56fd34408186e4bbccfd4996cb3dc -> 
  custom:CustomObjectIndexerAttribute: 3ead1caaecf1c488f20bcfeb224b6af5 -> 
  custom:container-demuxer-webm: 4f35f7cbe854078d1ac9338744f61a02 -> 
  custom:framework-osx-AVFoundation: e770b220cccbd017edd2c1fefb359320 -> 
  custom:video-encoder-webm-vp8: eb34c28f22e8b96e1ab97ce403110664 -> 
========================================================================
Received Import Request.
  Time since last request: 261.568554 seconds.
  path: Assets/Scenes 1/new proto/morning.unity
  artifactKey: Guid(1822d12d6375f43d1953d3dee2cb0b1f) Importer(815301076,1909f56bfc062723c751e8b465ee728b)
Start importing Assets/Scenes 1/new proto/morning.unity using Guid(1822d12d6375f43d1953d3dee2cb0b1f) Importer(815301076,1909f56bfc062723c751e8b465ee728b) [PhysX] Initialized MultithreadedTaskDispatcher with 8 workers.
 -> (artifact id: 'ed367d08d59f19e581998364251b39cb') in 0.003132 seconds
Number of updated asset objects reloaded before import = 0
Number of asset objects unloaded after import = 0
========================================================================
Received Import Request.
  Time since last request: 8.959398 seconds.
  path: Assets/AdventureForge
  artifactKey: Guid(2433d523ee8dc4219be66ddaad8efb78) Importer(815301076,1909f56bfc062723c751e8b465ee728b)
Start importing Assets/AdventureForge using Guid(2433d523ee8dc4219be66ddaad8efb78) Importer(815301076,1909f56bfc062723c751e8b465ee728b) [PhysX] Initialized MultithreadedTaskDispatcher with 8 workers.
 -> (artifact id: '805fa9050b9863b121587868077780c1') in 0.000448 seconds
Number of updated asset objects reloaded before import = 0
Number of asset objects unloaded after import = 0
========================================================================
Received Import Request.
  Time since last request: 3.886993 seconds.
  path: Assets/Environment
  artifactKey: Guid(f8be7aae1e22d4cae93abb4bb268a9b3) Importer(815301076,1909f56bfc062723c751e8b465ee728b)
Start importing Assets/Environment using Guid(f8be7aae1e22d4cae93abb4bb268a9b3) Importer(815301076,1909f56bfc062723c751e8b465ee728b) [PhysX] Initialized MultithreadedTaskDispatcher with 8 workers.
 -> (artifact id: '350d6d1df7d997fabc28999087a9cca8') in 0.000306 seconds
Number of updated asset objects reloaded before import = 0
Number of asset objects unloaded after import = 0
========================================================================
Received Import Request.
  Time since last request: 0.070022 seconds.
  path: Assets/Environment/Fox_log.fbx
  artifactKey: Guid(d4813e92cbaf044d294172a7de9efafa) Importer(815301076,1909f56bfc062723c751e8b465ee728b)
Start importing Assets/Environment/Fox_log.fbx using Guid(d4813e92cbaf044d294172a7de9efafa) Importer(815301076,1909f56bfc062723c751e8b465ee728b) [PhysX] Initialized MultithreadedTaskDispatcher with 8 workers.
[PhysX] Initialized MultithreadedTaskDispatcher with 8 workers.
[PhysX] Initialized MultithreadedTaskDispatcher with 8 workers.
[PhysX] Initialized MultithreadedTaskDispatcher with 8 workers.
 -> (artifact id: '9a30fd6517fe637a5f06d26768fc81fc') in 0.176482 seconds
Number of updated asset objects reloaded before import = 0
Number of asset objects unloaded after import = 29
========================================================================
Received Import Request.
  Time since last request: 0.000057 seconds.
  path: Assets/Environment/new_tree(with leaves).fbx
  artifactKey: Guid(e5820f37874844c65a86056b1703a766) Importer(815301076,1909f56bfc062723c751e8b465ee728b)
Start importing Assets/Environment/new_tree(with leaves).fbx using Guid(e5820f37874844c65a86056b1703a766) Importer(815301076,1909f56bfc062723c751e8b465ee728b) [PhysX] Initialized MultithreadedTaskDispatcher with 8 workers.
[PhysX] Initialized MultithreadedTaskDispatcher with 8 workers.
[PhysX] Initialized MultithreadedTaskDispatcher with 8 workers.
[PhysX] Initialized MultithreadedTaskDispatcher with 8 workers.
[PhysX] Initialized MultithreadedTaskDispatcher with 8 workers.
[PhysX] Initialized MultithreadedTaskDispatcher with 8 workers.
[PhysX] Initialized MultithreadedTaskDispatcher with 8 workers.
[PhysX] Initialized MultithreadedTaskDispatcher with 8 workers.
 -> (artifact id: 'd9ec3cd97bc80b16636181ed549f63ce') in 0.029559 seconds
Number of updated asset objects reloaded before import = 0
Number of asset objects unloaded after import = 19
========================================================================
Received Import Request.
  Time since last request: 0.000033 seconds.
  path: Assets/Environment/Material.001 Base Color.png
  artifactKey: Guid(1544acc7a0dbe49caaaec4fd5bd32d19) Importer(815301076,1909f56bfc062723c751e8b465ee728b)
Start importing Assets/Environment/Material.001 Base Color.png using Guid(1544acc7a0dbe49caaaec4fd5bd32d19) Importer(815301076,1909f56bfc062723c751e8b465ee728b) [PhysX] Initialized MultithreadedTaskDispatcher with 8 workers.
[PhysX] Initialized MultithreadedTaskDispatcher with 8 workers.
 -> (artifact id: '3e007135100630cda8ebb4511761f3d7') in 0.011599 seconds
Number of updated asset objects reloaded before import = 0
Number of asset objects unloaded after import = 2
========================================================================
Received Import Request.
  Time since last request: 0.000037 seconds.
  path: Assets/Environment/wand_3.fbx
  artifactKey: Guid(308757b5e683943a2bb57253c622fdee) Importer(815301076,1909f56bfc062723c751e8b465ee728b)
Start importing Assets/Environment/wand_3.fbx using Guid(308757b5e683943a2bb57253c622fdee) Importer(815301076,1909f56bfc062723c751e8b465ee728b) [PhysX] Initialized MultithreadedTaskDispatcher with 8 workers.
[PhysX] Initialized MultithreadedTaskDispatcher with 8 workers.
[PhysX] Initialized MultithreadedTaskDispatcher with 8 workers.
[PhysX] Initialized MultithreadedTaskDispatcher with 8 workers.
[PhysX] Initialized MultithreadedTaskDispatcher with 8 workers.
 -> (artifact id: 'e218fd93a21bb8e49aa116d3c2cd05c8') in 0.807209 seconds
Number of updated asset objects reloaded before import = 0
Number of asset objects unloaded after import = 13
========================================================================
Received Import Request.
  Time since last request: 3.426002 seconds.
  path: Assets/Forest Asset
  artifactKey: Guid(6c8ab95be3779334d99a802b92084f60) Importer(815301076,1909f56bfc062723c751e8b465ee728b)
Start importing Assets/Forest Asset using Guid(6c8ab95be3779334d99a802b92084f60) Importer(815301076,1909f56bfc062723c751e8b465ee728b) [PhysX] Initialized MultithreadedTaskDispatcher with 8 workers.
 -> (artifact id: '412476e6e3f996f21853ac64ca370fed') in 0.000425 seconds
Number of updated asset objects reloaded before import = 0
Number of asset objects unloaded after import = 0
========================================================================
Received Import Request.
  Time since last request: 1.188654 seconds.
  path: Assets/Forest Asset/Materials
  artifactKey: Guid(efc95ce5bd337d14fa0313761a1d3c93) Importer(815301076,1909f56bfc062723c751e8b465ee728b)
Start importing Assets/Forest Asset/Materials using Guid(efc95ce5bd337d14fa0313761a1d3c93) Importer(815301076,1909f56bfc062723c751e8b465ee728b) [PhysX] Initialized MultithreadedTaskDispatcher with 8 workers.
 -> (artifact id: 'd17b05e4988cb5f18e73d2c3450efd99') in 0.000278 seconds
Number of updated asset objects reloaded before import = 0
Number of asset objects unloaded after import = 0
========================================================================
Received Import Request.
  Time since last request: 0.057470 seconds.
  path: Assets/Forest Asset/Materials/M_Nature_01.mat
  artifactKey: Guid(b8c3df82b3037b24594111a20b86cb0a) Importer(815301076,1909f56bfc062723c751e8b465ee728b)
Start importing Assets/Forest Asset/Materials/M_Nature_01.mat using Guid(b8c3df82b3037b24594111a20b86cb0a) Importer(815301076,1909f56bfc062723c751e8b465ee728b) [PhysX] Initialized MultithreadedTaskDispatcher with 8 workers.
[PhysX] Initialized MultithreadedTaskDispatcher with 8 workers.
 -> (artifact id: '026f03ae8c0519d1a65a6f67378d9ef6') in 0.803460 seconds
Number of updated asset objects reloaded before import = 0
Number of asset objects unloaded after import = 5
========================================================================
Received Import Request.
  Time since last request: 21.980788 seconds.
  path: Assets/Forest Asset/Textures
  artifactKey: Guid(76ef989b27bb9b04cb84fbaad4da0649) Importer(815301076,1909f56bfc062723c751e8b465ee728b)
Start importing Assets/Forest Asset/Textures using Guid(76ef989b27bb9b04cb84fbaad4da0649) Importer(815301076,1909f56bfc062723c751e8b465ee728b) [PhysX] Initialized MultithreadedTaskDispatcher with 8 workers.
 -> (artifact id: '1aac59520eddb6b77a5f313db4081254') in 0.000647 seconds
Number of updated asset objects reloaded before import = 0
Number of asset objects unloaded after import = 0
========================================================================
Received Import Request.
  Time since last request: 0.074171 seconds.
  path: Assets/Forest Asset/Textures/T_Landscape_Grass.png
  artifactKey: Guid(d92b8a14c33272c4ebd8b66231d10450) Importer(815301076,1909f56bfc062723c751e8b465ee728b)
Start importing Assets/Forest Asset/Textures/T_Landscape_Grass.png using Guid(d92b8a14c33272c4ebd8b66231d10450) Importer(815301076,1909f56bfc062723c751e8b465ee728b) [PhysX] Initialized MultithreadedTaskDispatcher with 8 workers.
[PhysX] Initialized MultithreadedTaskDispatcher with 8 workers.
 -> (artifact id: '6373a76ed3104bc9c9fa0f750fed9d3e') in 0.007408 seconds
Number of updated asset objects reloaded before import = 0
Number of asset objects unloaded after import = 2
========================================================================
Received Import Request.
  Time since last request: 3.213478 seconds.
  path: Assets/Forest Asset/Textures/Tree_01
  artifactKey: Guid(be6ab8dc0c5e2154ebb2d8ed22a0fe98) Importer(815301076,1909f56bfc062723c751e8b465ee728b)
Start importing Assets/Forest Asset/Textures/Tree_01 using Guid(be6ab8dc0c5e2154ebb2d8ed22a0fe98) Importer(815301076,1909f56bfc062723c751e8b465ee728b) [PhysX] Initialized MultithreadedTaskDispatcher with 8 workers.
 -> (artifact id: '45db8d83d3f9f96ecd819f60d4010e22') in 0.000355 seconds
Number of updated asset objects reloaded before import = 0
Number of asset objects unloaded after import = 0
========================================================================
Received Import Request.
  Time since last request: 78.562334 seconds.
  path: Assets/Material/terrain_new.fbx
  artifactKey: Guid(ecfc925542f374505bdf22d044aeb833) Importer(815301076,1909f56bfc062723c751e8b465ee728b)
Start importing Assets/Material/terrain_new.fbx using Guid(ecfc925542f374505bdf22d044aeb833) Importer(815301076,1909f56bfc062723c751e8b465ee728b) [PhysX] Initialized MultithreadedTaskDispatcher with 8 workers.
 -> (artifact id: '63d55e88bc523ea9c318a02552e09799') in 0.000398 seconds
Number of updated asset objects reloaded before import = 0
Number of asset objects unloaded after import = 0
========================================================================
Received Import Request.
  Time since last request: 271.130502 seconds.
  path: Assets/Material/terrain_new.fbx
  artifactKey: Guid(ecfc925542f374505bdf22d044aeb833) Importer(815301076,1909f56bfc062723c751e8b465ee728b)
Start importing Assets/Material/terrain_new.fbx using Guid(ecfc925542f374505bdf22d044aeb833) Importer(815301076,1909f56bfc062723c751e8b465ee728b) [PhysX] Initialized MultithreadedTaskDispatcher with 8 workers.
 -> (artifact id: '63d55e88bc523ea9c318a02552e09799') in 0.001177 seconds
Number of updated asset objects reloaded before import = 0
Number of asset objects unloaded after import = 0
========================================================================
Received Import Request.
  Time since last request: 3.715371 seconds.
  path: Assets/Material/forest_floor_sfjmafua_1k
  artifactKey: Guid(e85bc5fb79cc043db8b973b4a41cb204) Importer(815301076,1909f56bfc062723c751e8b465ee728b)
Start importing Assets/Material/forest_floor_sfjmafua_1k using Guid(e85bc5fb79cc043db8b973b4a41cb204) Importer(815301076,1909f56bfc062723c751e8b465ee728b) [PhysX] Initialized MultithreadedTaskDispatcher with 8 workers.
 -> (artifact id: '29c6b47e7a7d79f73f8a81e9b7706a78') in 0.001076 seconds
Number of updated asset objects reloaded before import = 0
Number of asset objects unloaded after import = 0
========================================================================
Received Import Request.
  Time since last request: 0.052028 seconds.
  path: Assets/Material/forest_floor_sfjmafua_1k/Forest_Floor_sfjmafua_1K_AO.jpg
  artifactKey: Guid(4209bb17deb7344b39c83612f696dae5) Importer(815301076,1909f56bfc062723c751e8b465ee728b)
Start importing Assets/Material/forest_floor_sfjmafua_1k/Forest_Floor_sfjmafua_1K_AO.jpg using Guid(4209bb17deb7344b39c83612f696dae5) Importer(815301076,1909f56bfc062723c751e8b465ee728b) [PhysX] Initialized MultithreadedTaskDispatcher with 8 workers.
[PhysX] Initialized MultithreadedTaskDispatcher with 8 workers.
 -> (artifact id: 'ea2242e3d32dacf0b6a380340f15dacc') in 0.075896 seconds
Number of updated asset objects reloaded before import = 0
Number of asset objects unloaded after import = 2
========================================================================
Received Import Request.
  Time since last request: 0.000224 seconds.
  path: Assets/Material/forest_floor_sfjmafua_1k/Forest_Floor_sfjmafua_1K_Gloss.jpg
  artifactKey: Guid(69a21a2a435f2434ca37ef448680976f) Importer(815301076,1909f56bfc062723c751e8b465ee728b)
Start importing Assets/Material/forest_floor_sfjmafua_1k/Forest_Floor_sfjmafua_1K_Gloss.jpg using Guid(69a21a2a435f2434ca37ef448680976f) Importer(815301076,1909f56bfc062723c751e8b465ee728b) [PhysX] Initialized MultithreadedTaskDispatcher with 8 workers.
[PhysX] Initialized MultithreadedTaskDispatcher with 8 workers.
 -> (artifact id: 'adc5767ec459caac9c16f9a303e02cf3') in 0.008843 seconds
Number of updated asset objects reloaded before import = 0
Number of asset objects unloaded after import = 2
========================================================================
Received Import Request.
  Time since last request: 0.000079 seconds.
  path: Assets/Material/forest_floor_sfjmafua_1k/Forest_Floor_sfjmafua_1K_Roughness.jpg
  artifactKey: Guid(13e7ab4e98f4846a3b4b23bae982c25a) Importer(815301076,1909f56bfc062723c751e8b465ee728b)
Start importing Assets/Material/forest_floor_sfjmafua_1k/Forest_Floor_sfjmafua_1K_Roughness.jpg using Guid(13e7ab4e98f4846a3b4b23bae982c25a) Importer(815301076,1909f56bfc062723c751e8b465ee728b) [PhysX] Initialized MultithreadedTaskDispatcher with 8 workers.
[PhysX] Initialized MultithreadedTaskDispatcher with 8 workers.
 -> (artifact id: '4f76f7a327ca81805d19da1568308ab1') in 0.006994 seconds
Number of updated asset objects reloaded before import = 0
Number of asset objects unloaded after import = 2
========================================================================
Received Import Request.
  Time since last request: 0.000154 seconds.
  path: Assets/Material/forest_floor_sfjmafua_1k/Forest_Floor_sfjmafua_1K_Specular.jpg
  artifactKey: Guid(3ac35545cec5e4051a68ba3af3d48a7c) Importer(815301076,1909f56bfc062723c751e8b465ee728b)
Start importing Assets/Material/forest_floor_sfjmafua_1k/Forest_Floor_sfjmafua_1K_Specular.jpg using Guid(3ac35545cec5e4051a68ba3af3d48a7c) Importer(815301076,1909f56bfc062723c751e8b465ee728b) [PhysX] Initialized MultithreadedTaskDispatcher with 8 workers.
[PhysX] Initialized MultithreadedTaskDispatcher with 8 workers.
 -> (artifact id: '006c0e469743548e6087dd2348126072') in 0.006830 seconds
Number of updated asset objects reloaded before import = 0
Number of asset objects unloaded after import = 2
========================================================================
Received Import Request.
  Time since last request: 0.000033 seconds.
  path: Assets/Material/forest_floor_sfjmafua_1k/Forest_Floor_sfjmafua_1K_Bump.jpg
  artifactKey: Guid(7bdd9625caa3e41a4b703d08305b58eb) Importer(815301076,1909f56bfc062723c751e8b465ee728b)
Start importing Assets/Material/forest_floor_sfjmafua_1k/Forest_Floor_sfjmafua_1K_Bump.jpg using Guid(7bdd9625caa3e41a4b703d08305b58eb) Importer(815301076,1909f56bfc062723c751e8b465ee728b) [PhysX] Initialized MultithreadedTaskDispatcher with 8 workers.
[PhysX] Initialized MultithreadedTaskDispatcher with 8 workers.
 -> (artifact id: '81b4b5b1e10a306320d3d329fd436e75') in 0.005429 seconds
Number of updated asset objects reloaded before import = 0
Number of asset objects unloaded after import = 2
========================================================================
Received Import Request.
  Time since last request: 54.301353 seconds.
  path: Assets/Material/forest_floor_sfjmafua_1k/sfjmafua.json
  artifactKey: Guid(86b0e25d8bc184629a4673b57f87d1ed) Importer(815301076,1909f56bfc062723c751e8b465ee728b)
Start importing Assets/Material/forest_floor_sfjmafua_1k/sfjmafua.json using Guid(86b0e25d8bc184629a4673b57f87d1ed) Importer(815301076,1909f56bfc062723c751e8b465ee728b) [PhysX] Initialized MultithreadedTaskDispatcher with 8 workers.
 -> (artifact id: 'bf5e50f41473669c766f0dad913483d0') in 0.001572 seconds
Number of updated asset objects reloaded before import = 0
Number of asset objects unloaded after import = 1
========================================================================
Received Import Request.
  Time since last request: 40.968025 seconds.
  path: Assets/Material/forest_floor_sfjmafua_1k/Forest_Floor_sfjmafua_1K_Normal.jpg
  artifactKey: Guid(7d55b7b8570944992ab930f92fab5775) Importer(815301076,1909f56bfc062723c751e8b465ee728b)
Start importing Assets/Material/forest_floor_sfjmafua_1k/Forest_Floor_sfjmafua_1K_Normal.jpg using Guid(7d55b7b8570944992ab930f92fab5775) Importer(815301076,1909f56bfc062723c751e8b465ee728b) [PhysX] Initialized MultithreadedTaskDispatcher with 8 workers.
[PhysX] Initialized MultithreadedTaskDispatcher with 8 workers.
 -> (artifact id: 'dfccca37b7df4343edbef7667d5d8de2') in 0.126254 seconds
Number of updated asset objects reloaded before import = 0
Number of asset objects unloaded after import = 2
========================================================================
Received Import Request.
  Time since last request: 55.878217 seconds.
  path: Assets/Scenes 1/new proto/morning.unity
  artifactKey: Guid(1822d12d6375f43d1953d3dee2cb0b1f) Importer(815301076,1909f56bfc062723c751e8b465ee728b)
Start importing Assets/Scenes 1/new proto/morning.unity using Guid(1822d12d6375f43d1953d3dee2cb0b1f) Importer(815301076,1909f56bfc062723c751e8b465ee728b) [PhysX] Initialized MultithreadedTaskDispatcher with 8 workers.
 -> (artifact id: '6dc053ae2bb86d804369ff9bf4d82ce8') in 0.000562 seconds
Number of updated asset objects reloaded before import = 0
Number of asset objects unloaded after import = 0
========================================================================
Received Import Request.
  Time since last request: 54.403403 seconds.
  path: Assets/Material/simpleLit.shadergraph
  artifactKey: Guid(71c7339b6b90b42ea8c7c8ba16b7fa50) Importer(815301076,1909f56bfc062723c751e8b465ee728b)
Start importing Assets/Material/simpleLit.shadergraph using Guid(71c7339b6b90b42ea8c7c8ba16b7fa50) Importer(815301076,1909f56bfc062723c751e8b465ee728b) [PhysX] Initialized MultithreadedTaskDispatcher with 8 workers.
[PhysX] Initialized MultithreadedTaskDispatcher with 8 workers.
 -> (artifact id: '3d734608cf4e5e1c019c268d0197176a') in 0.022464 seconds
Number of updated asset objects reloaded before import = 0
Number of asset objects unloaded after import = 2
========================================================================
Received Import Request.
  Time since last request: 0.000044 seconds.
  path: Assets/Samples/Universal RP/14.0.11/URP Package Samples/RendererFeatures/BlitToRTHandle/Sphere_Transparent.mat
  artifactKey: Guid(38848d87171014f4a8d0ebb1c0eca50e) Importer(815301076,1909f56bfc062723c751e8b465ee728b)
Start importing Assets/Samples/Universal RP/14.0.11/URP Package Samples/RendererFeatures/BlitToRTHandle/Sphere_Transparent.mat using Guid(38848d87171014f4a8d0ebb1c0eca50e) Importer(815301076,1909f56bfc062723c751e8b465ee728b) [PhysX] Initialized MultithreadedTaskDispatcher with 8 workers.
[PhysX] Initialized MultithreadedTaskDispatcher with 8 workers.
 -> (artifact id: '68c9be84caa06c0de395dfc128daccad') in 0.771995 seconds
Number of updated asset objects reloaded before import = 0
Number of asset objects unloaded after import = 2
========================================================================
Received Import Request.
  Time since last request: 0.000071 seconds.
  path: Assets/Samples/Universal RP/14.0.11/URP Package Samples/RendererFeatures/BlitToRTHandle/Sphere_Opaque.mat
  artifactKey: Guid(164a29654695fdc4aa5a32a6bdbd9694) Importer(815301076,1909f56bfc062723c751e8b465ee728b)
Start importing Assets/Samples/Universal RP/14.0.11/URP Package Samples/RendererFeatures/BlitToRTHandle/Sphere_Opaque.mat using Guid(164a29654695fdc4aa5a32a6bdbd9694) Importer(815301076,1909f56bfc062723c751e8b465ee728b) [PhysX] Initialized MultithreadedTaskDispatcher with 8 workers.
[PhysX] Initialized MultithreadedTaskDispatcher with 8 workers.
 -> (artifact id: '4d91ac262daecfa86f3f85e7625cc58a') in 0.005849 seconds
Number of updated asset objects reloaded before import = 0
Number of asset objects unloaded after import = 2
========================================================================
Received Import Request.
  Time since last request: 0.000039 seconds.
  path: Assets/Samples/Universal RP/14.0.11/URP Package Samples/Lighting/Reflection Probes/Scene Materials/Sphere.mat
  artifactKey: Guid(a7add17aad223f14b9ba891d8e704775) Importer(815301076,1909f56bfc062723c751e8b465ee728b)
Start importing Assets/Samples/Universal RP/14.0.11/URP Package Samples/Lighting/Reflection Probes/Scene Materials/Sphere.mat using Guid(a7add17aad223f14b9ba891d8e704775) Importer(815301076,1909f56bfc062723c751e8b465ee728b) [PhysX] Initialized MultithreadedTaskDispatcher with 8 workers.
[PhysX] Initialized MultithreadedTaskDispatcher with 8 workers.
 -> (artifact id: '8167297272f1f366f22390d5065e8b98') in 0.006300 seconds
Number of updated asset objects reloaded before import = 0
Number of asset objects unloaded after import = 2
========================================================================
Received Import Request.
  Time since last request: 0.490037 seconds.
  path: Assets/Samples/Universal RP/14.0.11/URP Package Samples/Decals/ProxyLighting/Materials/Spotlight.mat
  artifactKey: Guid(24ad359a3a8084d74b56692a82a2ac12) Importer(815301076,1909f56bfc062723c751e8b465ee728b)
Start importing Assets/Samples/Universal RP/14.0.11/URP Package Samples/Decals/ProxyLighting/Materials/Spotlight.mat using Guid(24ad359a3a8084d74b56692a82a2ac12) Importer(815301076,1909f56bfc062723c751e8b465ee728b) [PhysX] Initialized MultithreadedTaskDispatcher with 8 workers.
[PhysX] Initialized MultithreadedTaskDispatcher with 8 workers.
 -> (artifact id: '48ea2a7231a595e0bd79366296ee5d2c') in 0.977784 seconds
Number of updated asset objects reloaded before import = 0
Number of asset objects unloaded after import = 3
========================================================================
Received Import Request.
  Time since last request: 1.977314 seconds.
  path: Assets/Samples/Universal RP/14.0.11/URP Package Samples/RendererFeatures/KeepFrame/SwirlyFrame.mat
  artifactKey: Guid(b02405f3a8b6143a8bf2013c469300cf) Importer(815301076,1909f56bfc062723c751e8b465ee728b)
Start importing Assets/Samples/Universal RP/14.0.11/URP Package Samples/RendererFeatures/KeepFrame/SwirlyFrame.mat using Guid(b02405f3a8b6143a8bf2013c469300cf) Importer(815301076,1909f56bfc062723c751e8b465ee728b) [PhysX] Initialized MultithreadedTaskDispatcher with 8 workers.
[PhysX] Initialized MultithreadedTaskDispatcher with 8 workers.
 -> (artifact id: 'a3791a968a361c781d72d7ae632ad161') in 0.178023 seconds
Number of updated asset objects reloaded before import = 0
Number of asset objects unloaded after import = 3
========================================================================
Received Import Request.
  Time since last request: 7.205245 seconds.
  path: Assets/Animal Asset/cricket/Shaded/Materials/shaded.mat
  artifactKey: Guid(8a9e6934ea31a4c1d872a710a2883040) Importer(815301076,1909f56bfc062723c751e8b465ee728b)
Start importing Assets/Animal Asset/cricket/Shaded/Materials/shaded.mat using Guid(8a9e6934ea31a4c1d872a710a2883040) Importer(815301076,1909f56bfc062723c751e8b465ee728b) [PhysX] Initialized MultithreadedTaskDispatcher with 8 workers.
[PhysX] Initialized MultithreadedTaskDispatcher with 8 workers.
 -> (artifact id: 'f12ac76edc652bfb60cd14e4eba7b125') in 0.010927 seconds
Number of updated asset objects reloaded before import = 0
Number of asset objects unloaded after import = 3
========================================================================
Received Import Request.
  Time since last request: 0.074551 seconds.
  path: Assets/Samples/Universal RP/14.0.11/URP Package Samples/RendererFeatures/TrailEffect/Shaders/Sand_Graph.shadergraph
  artifactKey: Guid(2733272ebadfa4555be6b14e8e13cd16) Importer(815301076,1909f56bfc062723c751e8b465ee728b)
Start importing Assets/Samples/Universal RP/14.0.11/URP Package Samples/RendererFeatures/TrailEffect/Shaders/Sand_Graph.shadergraph using Guid(2733272ebadfa4555be6b14e8e13cd16) Importer(815301076,1909f56bfc062723c751e8b465ee728b) [PhysX] Initialized MultithreadedTaskDispatcher with 8 workers.
[PhysX] Initialized MultithreadedTaskDispatcher with 8 workers.
 -> (artifact id: '0aba150d023b37041c7e6292738ed8fc') in 1.179456 seconds
Number of updated asset objects reloaded before import = 0
Number of asset objects unloaded after import = 3
========================================================================
Received Import Request.
  Time since last request: 0.065824 seconds.
  path: Assets/Samples/XR Hands/1.4.3/HandVisualizer/Materials/Red.mat
  artifactKey: Guid(55fa12dc7870f1e46b6a7f8617949a86) Importer(815301076,1909f56bfc062723c751e8b465ee728b)
Start importing Assets/Samples/XR Hands/1.4.3/HandVisualizer/Materials/Red.mat using Guid(55fa12dc7870f1e46b6a7f8617949a86) Importer(815301076,1909f56bfc062723c751e8b465ee728b) [PhysX] Initialized MultithreadedTaskDispatcher with 8 workers.
[PhysX] Initialized MultithreadedTaskDispatcher with 8 workers.
 -> (artifact id: '59ffa4f5cbc8171870d2708ba0190be0') in 0.008164 seconds
Number of updated asset objects reloaded before import = 0
Number of asset objects unloaded after import = 2
========================================================================
Received Import Request.
  Time since last request: 0.094574 seconds.
  path: Assets/Samples/Universal RP/14.0.11/URP Package Samples/SharedAssets/Materials/Red.mat
  artifactKey: Guid(fcba3054000df4bcb81bc8f46158ead1) Importer(815301076,1909f56bfc062723c751e8b465ee728b)
Start importing Assets/Samples/Universal RP/14.0.11/URP Package Samples/SharedAssets/Materials/Red.mat using Guid(fcba3054000df4bcb81bc8f46158ead1) Importer(815301076,1909f56bfc062723c751e8b465ee728b) [PhysX] Initialized MultithreadedTaskDispatcher with 8 workers.
[PhysX] Initialized MultithreadedTaskDispatcher with 8 workers.
 -> (artifact id: '64b4f230f115c85754b4b9b8b04fbd24') in 0.005347 seconds
Number of updated asset objects reloaded before import = 0
Number of asset objects unloaded after import = 2
========================================================================
Received Import Request.
  Time since last request: 1.498609 seconds.
  path: Assets/Samples/Universal RP/14.0.11/URP Package Samples/RendererFeatures/KeepFrame/SwirlyFrame_Graph.shadergraph
  artifactKey: Guid(ab39a3637a83740188539f247582e44c) Importer(815301076,1909f56bfc062723c751e8b465ee728b)
Start importing Assets/Samples/Universal RP/14.0.11/URP Package Samples/RendererFeatures/KeepFrame/SwirlyFrame_Graph.shadergraph using Guid(ab39a3637a83740188539f247582e44c) Importer(815301076,1909f56bfc062723c751e8b465ee728b) [PhysX] Initialized MultithreadedTaskDispatcher with 8 workers.
[PhysX] Initialized MultithreadedTaskDispatcher with 8 workers.
 -> (artifact id: 'b0d74063dbfaa8ce996f4cacdaab4811') in 0.006756 seconds
Number of updated asset objects reloaded before import = 0
Number of asset objects unloaded after import = 3
========================================================================
Received Import Request.
  Time since last request: 0.028076 seconds.
  path: Assets/Animal Asset/Fox/Materials/T_Fox_BC.mat
  artifactKey: Guid(c5c35ffe95e524e71a402bbd9e6f834d) Importer(815301076,1909f56bfc062723c751e8b465ee728b)
Start importing Assets/Animal Asset/Fox/Materials/T_Fox_BC.mat using Guid(c5c35ffe95e524e71a402bbd9e6f834d) Importer(815301076,1909f56bfc062723c751e8b465ee728b) [PhysX] Initialized MultithreadedTaskDispatcher with 8 workers.
[PhysX] Initialized MultithreadedTaskDispatcher with 8 workers.
 -> (artifact id: '41a446def80b714efc094702a487331b') in 0.707155 seconds
Number of updated asset objects reloaded before import = 0
Number of asset objects unloaded after import = 5
========================================================================
Received Import Request.
  Time since last request: 0.000036 seconds.
  path: Assets/Samples/Universal RP/14.0.11/URP Package Samples/RendererFeatures/DistortTunnel/Tunnel.mat
  artifactKey: Guid(9982eb7ce1c389f4292580dbf63f639b) Importer(815301076,1909f56bfc062723c751e8b465ee728b)
Start importing Assets/Samples/Universal RP/14.0.11/URP Package Samples/RendererFeatures/DistortTunnel/Tunnel.mat using Guid(9982eb7ce1c389f4292580dbf63f639b) Importer(815301076,1909f56bfc062723c751e8b465ee728b) [PhysX] Initialized MultithreadedTaskDispatcher with 8 workers.
[PhysX] Initialized MultithreadedTaskDispatcher with 8 workers.
 -> (artifact id: 'f1d1b279d419e9493dd5dad1dac54ba1') in 0.300187 seconds
Number of updated asset objects reloaded before import = 0
Number of asset objects unloaded after import = 4
========================================================================
Received Import Request.
  Time since last request: 0.000027 seconds.
  path: Assets/Samples/XR Interaction Toolkit/2.6.3/Starter Assets/Tunneling Vignette/TunnelingVignetteSG.shadergraph
  artifactKey: Guid(c109fab5d2bf5f64598ed69d2c16ceb3) Importer(815301076,1909f56bfc062723c751e8b465ee728b)
Start importing Assets/Samples/XR Interaction Toolkit/2.6.3/Starter Assets/Tunneling Vignette/TunnelingVignetteSG.shadergraph using Guid(c109fab5d2bf5f64598ed69d2c16ceb3) Importer(815301076,1909f56bfc062723c751e8b465ee728b) [PhysX] Initialized MultithreadedTaskDispatcher with 8 workers.
[PhysX] Initialized MultithreadedTaskDispatcher with 8 workers.
 -> (artifact id: '1cc17754ff93059b61653b2a6b3a6900') in 0.276271 seconds
Number of updated asset objects reloaded before import = 0
Number of asset objects unloaded after import = 3
========================================================================
Received Import Request.
  Time since last request: 0.000042 seconds.
  path: Assets/Samples/Universal RP/14.0.11/URP Package Samples/SharedAssets/Materials/White.mat
  artifactKey: Guid(ec1179175ec9b4c0c8faa41f6ee73a0a) Importer(815301076,1909f56bfc062723c751e8b465ee728b)
Start importing Assets/Samples/Universal RP/14.0.11/URP Package Samples/SharedAssets/Materials/White.mat using Guid(ec1179175ec9b4c0c8faa41f6ee73a0a) Importer(815301076,1909f56bfc062723c751e8b465ee728b) [PhysX] Initialized MultithreadedTaskDispatcher with 8 workers.
[PhysX] Initialized MultithreadedTaskDispatcher with 8 workers.
 -> (artifact id: '13620e0f780b051a4175bf097b405b4f') in 0.005345 seconds
Number of updated asset objects reloaded before import = 0
Number of asset objects unloaded after import = 2
========================================================================
Received Import Request.
  Time since last request: 0.000056 seconds.
  path: Assets/SharedAssets/Shaders/WaterCausticsDecal.shadergraph
  artifactKey: Guid(94e8c7d345857324c86224e799f9883e) Importer(815301076,1909f56bfc062723c751e8b465ee728b)
Start importing Assets/SharedAssets/Shaders/WaterCausticsDecal.shadergraph using Guid(94e8c7d345857324c86224e799f9883e) Importer(815301076,1909f56bfc062723c751e8b465ee728b) [PhysX] Initialized MultithreadedTaskDispatcher with 8 workers.
[PhysX] Initialized MultithreadedTaskDispatcher with 8 workers.
 -> (artifact id: 'ebc293cb86e16398c42577090927aaec') in 0.940428 seconds
Number of updated asset objects reloaded before import = 0
Number of asset objects unloaded after import = 3
========================================================================
Received Import Request.
  Time since last request: 0.000037 seconds.
  path: Assets/Samples/Universal RP/14.0.11/URP Package Samples/Shaders/Lit/Materials/WithHeightMap.mat
  artifactKey: Guid(673fd4308d68a4e6eb452d59b21ff3d4) Importer(815301076,1909f56bfc062723c751e8b465ee728b)
Start importing Assets/Samples/Universal RP/14.0.11/URP Package Samples/Shaders/Lit/Materials/WithHeightMap.mat using Guid(673fd4308d68a4e6eb452d59b21ff3d4) Importer(815301076,1909f56bfc062723c751e8b465ee728b) [PhysX] Initialized MultithreadedTaskDispatcher with 8 workers.
[PhysX] Initialized MultithreadedTaskDispatcher with 8 workers.
 -> (artifact id: 'd180c1b3302da83fb2976e7e636b959f') in 0.855877 seconds
Number of updated asset objects reloaded before import = 0
Number of asset objects unloaded after import = 4
========================================================================
Received Import Request.
  Time since last request: 0.000084 seconds.
  path: Assets/Samples/Universal RP/14.0.11/URP Package Samples/Shaders/Lit/Materials/WithNormalMap.mat
  artifactKey: Guid(ba4db6da9324f499ab79a4b3c8e476d1) Importer(815301076,1909f56bfc062723c751e8b465ee728b)
Start importing Assets/Samples/Universal RP/14.0.11/URP Package Samples/Shaders/Lit/Materials/WithNormalMap.mat using Guid(ba4db6da9324f499ab79a4b3c8e476d1) Importer(815301076,1909f56bfc062723c751e8b465ee728b) [PhysX] Initialized MultithreadedTaskDispatcher with 8 workers.
[PhysX] Initialized MultithreadedTaskDispatcher with 8 workers.
 -> (artifact id: 'adf3cfba32aed421768e179433c3a0d7') in 0.726946 seconds
Number of updated asset objects reloaded before import = 0
Number of asset objects unloaded after import = 3
========================================================================
Received Import Request.
  Time since last request: 26.258009 seconds.
  path: Assets/Samples/Universal RP/14.0.11/URP Package Samples/LensFlares/LensFlareShowroom.unity
  artifactKey: Guid(768da1bbc4be4424f9b06e5cd2ebc062) Importer(815301076,1909f56bfc062723c751e8b465ee728b)
Start importing Assets/Samples/Universal RP/14.0.11/URP Package Samples/LensFlares/LensFlareShowroom.unity using Guid(768da1bbc4be4424f9b06e5cd2ebc062) Importer(815301076,1909f56bfc062723c751e8b465ee728b) [PhysX] Initialized MultithreadedTaskDispatcher with 8 workers.
 -> (artifact id: '25fe54418c800969fd24ddb899effe1c') in 0.000359 seconds
Number of updated asset objects reloaded before import = 0
Number of asset objects unloaded after import = 0
========================================================================
Received Import Request.
  Time since last request: 9.002384 seconds.
  path: Assets/Samples/Universal RP/14.0.11/URP Package Samples/LensFlares/SunFlare.unity
  artifactKey: Guid(65fbe97037fe7420aa67ea3b2f6c0ffa) Importer(815301076,1909f56bfc062723c751e8b465ee728b)
Start importing Assets/Samples/Universal RP/14.0.11/URP Package Samples/LensFlares/SunFlare.unity using Guid(65fbe97037fe7420aa67ea3b2f6c0ffa) Importer(815301076,1909f56bfc062723c751e8b465ee728b) [PhysX] Initialized MultithreadedTaskDispatcher with 8 workers.
 -> (artifact id: '0dff593d6b0b475c2d834feefe8150b0') in 0.000312 seconds
Number of updated asset objects reloaded before import = 0
Number of asset objects unloaded after import = 0
========================================================================
Received Import Request.
  Time since last request: 15.869268 seconds.
  path: Assets/Scenes 1/new proto/morning.unity
  artifactKey: Guid(1822d12d6375f43d1953d3dee2cb0b1f) Importer(815301076,1909f56bfc062723c751e8b465ee728b)
Start importing Assets/Scenes 1/new proto/morning.unity using Guid(1822d12d6375f43d1953d3dee2cb0b1f) Importer(815301076,1909f56bfc062723c751e8b465ee728b) [PhysX] Initialized MultithreadedTaskDispatcher with 8 workers.
 -> (artifact id: '17737f4f1338ecc883c7fe3a2799f342') in 0.002996 seconds
Number of updated asset objects reloaded before import = 0
Number of asset objects unloaded after import = 0
========================================================================
Received Import Request.
  Time since last request: 415.144268 seconds.
  path: Assets/Animal Asset
  artifactKey: Guid(8be0e68126f7a41baa1e5cd0ac4aa227) Importer(815301076,1909f56bfc062723c751e8b465ee728b)
Start importing Assets/Animal Asset using Guid(8be0e68126f7a41baa1e5cd0ac4aa227) Importer(815301076,1909f56bfc062723c751e8b465ee728b) [PhysX] Initialized MultithreadedTaskDispatcher with 8 workers.
 -> (artifact id: 'c4ccd769ce86b485a4aaf2228abecd1c') in 0.001087 seconds
Number of updated asset objects reloaded before import = 0
Number of asset objects unloaded after import = 0
========================================================================
Received Import Request.
  Time since last request: 0.042593 seconds.
  path: Assets/Animal Asset/cricket.fbx
  artifactKey: Guid(4e1d7fcedb7854d7da75796fed2952f5) Importer(815301076,1909f56bfc062723c751e8b465ee728b)
Start importing Assets/Animal Asset/cricket.fbx using Guid(4e1d7fcedb7854d7da75796fed2952f5) Importer(815301076,1909f56bfc062723c751e8b465ee728b) [PhysX] Initialized MultithreadedTaskDispatcher with 8 workers.
[PhysX] Initialized MultithreadedTaskDispatcher with 8 workers.
[PhysX] Initialized MultithreadedTaskDispatcher with 8 workers.
 -> (artifact id: 'a1a614137f891164fc05734020c7390c') in 0.050417 seconds
Number of updated asset objects reloaded before import = 0
Number of asset objects unloaded after import = 8
========================================================================
Received Import Request.
  Time since last request: 3.087532 seconds.
  path: Assets/Animal Asset/Fox
  artifactKey: Guid(a3930a707014148ca93e8ecb010081f8) Importer(815301076,1909f56bfc062723c751e8b465ee728b)
Start importing Assets/Animal Asset/Fox using Guid(a3930a707014148ca93e8ecb010081f8) Importer(815301076,1909f56bfc062723c751e8b465ee728b) [PhysX] Initialized MultithreadedTaskDispatcher with 8 workers.
 -> (artifact id: '740dcf7af9f928f327723dafe64f2448') in 0.000318 seconds
Number of updated asset objects reloaded before import = 0
Number of asset objects unloaded after import = 0
========================================================================
Received Import Request.
  Time since last request: 0.074523 seconds.
  path: Assets/Animal Asset/Fox/fox F.fbx
  artifactKey: Guid(94d214ce781924efe818045621c59782) Importer(815301076,1909f56bfc062723c751e8b465ee728b)
Start importing Assets/Animal Asset/Fox/fox F.fbx using Guid(94d214ce781924efe818045621c59782) Importer(815301076,1909f56bfc062723c751e8b465ee728b) [PhysX] Initialized MultithreadedTaskDispatcher with 8 workers.
[PhysX] Initialized MultithreadedTaskDispatcher with 8 workers.
[PhysX] Initialized MultithreadedTaskDispatcher with 8 workers.
[PhysX] Initialized MultithreadedTaskDispatcher with 8 workers.
[PhysX] Initialized MultithreadedTaskDispatcher with 8 workers.
[PhysX] Initialized MultithreadedTaskDispatcher with 8 workers.
[PhysX] Initialized MultithreadedTaskDispatcher with 8 workers.
 -> (artifact id: '4a5dc8b1f3320aca124a370fb4ab3c3f') in 0.079639 seconds
Number of updated asset objects reloaded before import = 0
Number of asset objects unloaded after import = 2455
========================================================================
Received Import Request.
  Time since last request: 1619.066390 seconds.
  path: Assets/Animal Asset/deer.fbx
  artifactKey: Guid(66a52fc0acfa2473aa1f8e7f233bbef8) Importer(815301076,1909f56bfc062723c751e8b465ee728b)
Start importing Assets/Animal Asset/deer.fbx using Guid(66a52fc0acfa2473aa1f8e7f233bbef8) Importer(815301076,1909f56bfc062723c751e8b465ee728b) [PhysX] Initialized MultithreadedTaskDispatcher with 8 workers.
 -> (artifact id: '3996ba83c33ab0c88c5bb37f2c52b50a') in 0.001670 seconds
Number of updated asset objects reloaded before import = 0
Number of asset objects unloaded after import = 0
========================================================================
Received Import Request.
  Time since last request: 4.913750 seconds.
  path: Assets/Animal Asset/deer.fbx
  artifactKey: Guid(66a52fc0acfa2473aa1f8e7f233bbef8) Importer(815301076,1909f56bfc062723c751e8b465ee728b)
Start importing Assets/Animal Asset/deer.fbx using Guid(66a52fc0acfa2473aa1f8e7f233bbef8) Importer(815301076,1909f56bfc062723c751e8b465ee728b) [PhysX] Initialized MultithreadedTaskDispatcher with 8 workers.
 -> (artifact id: '3996ba83c33ab0c88c5bb37f2c52b50a') in 0.000316 seconds
Number of updated asset objects reloaded before import = 0
Number of asset objects unloaded after import = 0
========================================================================
Received Import Request.
  Time since last request: 1.068094 seconds.
  path: Assets/Animal Asset/squirrel
  artifactKey: Guid(3ec6b92c96b0741f8bf6149114224b12) Importer(815301076,1909f56bfc062723c751e8b465ee728b)
Start importing Assets/Animal Asset/squirrel using Guid(3ec6b92c96b0741f8bf6149114224b12) Importer(815301076,1909f56bfc062723c751e8b465ee728b) [PhysX] Initialized MultithreadedTaskDispatcher with 8 workers.
 -> (artifact id: 'ac3703d1fdb043732bb923a5d38bb917') in 0.000419 seconds
Number of updated asset objects reloaded before import = 0
Number of asset objects unloaded after import = 0
========================================================================
Received Import Request.
  Time since last request: 5.990584 seconds.
  path: Assets/Animal Asset/squirrel/Pbr
  artifactKey: Guid(ad82c9c585f1e41648501f030c0de84c) Importer(815301076,1909f56bfc062723c751e8b465ee728b)
Start importing Assets/Animal Asset/squirrel/Pbr using Guid(ad82c9c585f1e41648501f030c0de84c) Importer(815301076,1909f56bfc062723c751e8b465ee728b) [PhysX] Initialized MultithreadedTaskDispatcher with 8 workers.
 -> (artifact id: '5ca2b09c12514b7abf8ad26510461502') in 0.000414 seconds
Number of updated asset objects reloaded before import = 0
Number of asset objects unloaded after import = 0
========================================================================
Received Import Request.
  Time since last request: 0.122886 seconds.
  path: Assets/Animal Asset/squirrel/Pbr/base.fbx
  artifactKey: Guid(b8c7155decfde4ca5a2afccbb106414b) Importer(815301076,1909f56bfc062723c751e8b465ee728b)
Start importing Assets/Animal Asset/squirrel/Pbr/base.fbx using Guid(b8c7155decfde4ca5a2afccbb106414b) Importer(815301076,1909f56bfc062723c751e8b465ee728b) [PhysX] Initialized MultithreadedTaskDispatcher with 8 workers.
[PhysX] Initialized MultithreadedTaskDispatcher with 8 workers.
[PhysX] Initialized MultithreadedTaskDispatcher with 8 workers.
 -> (artifact id: '8839bd094f3e39ac8a501ee42f0b979d') in 0.073272 seconds
Number of updated asset objects reloaded before import = 0
Number of asset objects unloaded after import = 8
========================================================================
Received Import Request.
  Time since last request: 0.000037 seconds.
  path: Assets/Animal Asset/squirrel/Pbr/texture_normal.png
  artifactKey: Guid(b8e8f82bf3f89448a92935b206fa86d2) Importer(815301076,1909f56bfc062723c751e8b465ee728b)
Start importing Assets/Animal Asset/squirrel/Pbr/texture_normal.png using Guid(b8e8f82bf3f89448a92935b206fa86d2) Importer(815301076,1909f56bfc062723c751e8b465ee728b) [PhysX] Initialized MultithreadedTaskDispatcher with 8 workers.
[PhysX] Initialized MultithreadedTaskDispatcher with 8 workers.
 -> (artifact id: 'c6e5520889c18579251b325bdb60e380') in 0.018610 seconds
Number of updated asset objects reloaded before import = 0
Number of asset objects unloaded after import = 2
========================================================================
Received Import Request.
  Time since last request: 0.000117 seconds.
  path: Assets/Animal Asset/squirrel/Pbr/texture_metallic.png
  artifactKey: Guid(fb8b683c7538b42a982af2dc6846f7f7) Importer(815301076,1909f56bfc062723c751e8b465ee728b)
Start importing Assets/Animal Asset/squirrel/Pbr/texture_metallic.png using Guid(fb8b683c7538b42a982af2dc6846f7f7) Importer(815301076,1909f56bfc062723c751e8b465ee728b) [PhysX] Initialized MultithreadedTaskDispatcher with 8 workers.
[PhysX] Initialized MultithreadedTaskDispatcher with 8 workers.
 -> (artifact id: '05be42b30770c55294b6fe82a0a601ad') in 0.005181 seconds
Number of updated asset objects reloaded before import = 0
Number of asset objects unloaded after import = 2
========================================================================
Received Import Request.
  Time since last request: 6.508526 seconds.
  path: Assets/Animal Asset/model
  artifactKey: Guid(474e9bb5dfd754abd83ba33af9dfd4b0) Importer(815301076,1909f56bfc062723c751e8b465ee728b)
Start importing Assets/Animal Asset/model using Guid(474e9bb5dfd754abd83ba33af9dfd4b0) Importer(815301076,1909f56bfc062723c751e8b465ee728b) [PhysX] Initialized MultithreadedTaskDispatcher with 8 workers.
 -> (artifact id: '390cd281bbec5b17f1ff93feeb7c312e') in 0.001594 seconds
Number of updated asset objects reloaded before import = 0
Number of asset objects unloaded after import = 0
========================================================================
Received Import Request.
  Time since last request: 1.201418 seconds.
  path: Assets/Animal Asset/model/deer
  artifactKey: Guid(3fa9253ddef3b40a1bda005fb3737a76) Importer(815301076,1909f56bfc062723c751e8b465ee728b)
Start importing Assets/Animal Asset/model/deer using Guid(3fa9253ddef3b40a1bda005fb3737a76) Importer(815301076,1909f56bfc062723c751e8b465ee728b) [PhysX] Initialized MultithreadedTaskDispatcher with 8 workers.
 -> (artifact id: '1200c16ebff1dd90703b9ddb2e327bc8') in 0.001271 seconds
Number of updated asset objects reloaded before import = 0
Number of asset objects unloaded after import = 0
========================================================================
Received Import Request.
  Time since last request: 0.091308 seconds.
  path: Assets/Animal Asset/model/deer/deer.png
  artifactKey: Guid(4a433095d365f4215945603d25689aea) Importer(815301076,1909f56bfc062723c751e8b465ee728b)
Start importing Assets/Animal Asset/model/deer/deer.png using Guid(4a433095d365f4215945603d25689aea) Importer(815301076,1909f56bfc062723c751e8b465ee728b) [PhysX] Initialized MultithreadedTaskDispatcher with 8 workers.
[PhysX] Initialized MultithreadedTaskDispatcher with 8 workers.
 -> (artifact id: '336791910c4083f9638ca2b73c3a2eb9') in 0.007235 seconds
Number of updated asset objects reloaded before import = 0
Number of asset objects unloaded after import = 2
========================================================================
Received Import Request.
  Time since last request: 35.891290 seconds.
  path: Assets/Animal Asset/model/deer/角
  artifactKey: Guid(4a48efe9bd07c44a0b26ae5cf5643540) Importer(815301076,1909f56bfc062723c751e8b465ee728b)
Start importing Assets/Animal Asset/model/deer/角 using Guid(4a48efe9bd07c44a0b26ae5cf5643540) Importer(815301076,1909f56bfc062723c751e8b465ee728b) [PhysX] Initialized MultithreadedTaskDispatcher with 8 workers.
 -> (artifact id: '49bb0a4fe764247fa1d6df070a231e9c') in 0.001019 seconds
Number of updated asset objects reloaded before import = 0
Number of asset objects unloaded after import = 0
========================================================================
Received Import Request.
  Time since last request: 0.117101 seconds.
  path: Assets/Animal Asset/model/deer/角/Bark014_1K-JPG_Color.jpg
  artifactKey: Guid(03ae1033d4d6b4ac5ba114b943de5a63) Importer(815301076,1909f56bfc062723c751e8b465ee728b)
Start importing Assets/Animal Asset/model/deer/角/Bark014_1K-JPG_Color.jpg using Guid(03ae1033d4d6b4ac5ba114b943de5a63) Importer(815301076,1909f56bfc062723c751e8b465ee728b) [PhysX] Initialized MultithreadedTaskDispatcher with 8 workers.
[PhysX] Initialized MultithreadedTaskDispatcher with 8 workers.
 -> (artifact id: '750c30061d256565648cd99f25229581') in 0.016580 seconds
Number of updated asset objects reloaded before import = 0
Number of asset objects unloaded after import = 2
========================================================================
Received Import Request.
  Time since last request: 0.000555 seconds.
  path: Assets/Animal Asset/model/deer/角/Bark014_1K-JPG_Roughness.jpg
  artifactKey: Guid(f858dd2a133214924a24498a41db1745) Importer(815301076,1909f56bfc062723c751e8b465ee728b)
Start importing Assets/Animal Asset/model/deer/角/Bark014_1K-JPG_Roughness.jpg using Guid(f858dd2a133214924a24498a41db1745) Importer(815301076,1909f56bfc062723c751e8b465ee728b) [PhysX] Initialized MultithreadedTaskDispatcher with 8 workers.
[PhysX] Initialized MultithreadedTaskDispatcher with 8 workers.
 -> (artifact id: 'b88e9e583bb7b9f741dfbff1eb51d32e') in 0.007024 seconds
Number of updated asset objects reloaded before import = 0
Number of asset objects unloaded after import = 2
========================================================================
Received Import Request.
  Time since last request: 4.401363 seconds.
  path: Assets/Animal Asset/model/sqr
  artifactKey: Guid(a0b641ac907954972ad288e14f7c2a18) Importer(815301076,1909f56bfc062723c751e8b465ee728b)
Start importing Assets/Animal Asset/model/sqr using Guid(a0b641ac907954972ad288e14f7c2a18) Importer(815301076,1909f56bfc062723c751e8b465ee728b) [PhysX] Initialized MultithreadedTaskDispatcher with 8 workers.
 -> (artifact id: '5f868aa40637a3aaf7ed665b36114793') in 0.001281 seconds
Number of updated asset objects reloaded before import = 0
Number of asset objects unloaded after import = 0
========================================================================
Received Import Request.
  Time since last request: 0.052827 seconds.
  path: Assets/Animal Asset/model/sqr/SQR.png
  artifactKey: Guid(5fa6f7673459d41638184ceb47738790) Importer(815301076,1909f56bfc062723c751e8b465ee728b)
Start importing Assets/Animal Asset/model/sqr/SQR.png using Guid(5fa6f7673459d41638184ceb47738790) Importer(815301076,1909f56bfc062723c751e8b465ee728b) [PhysX] Initialized MultithreadedTaskDispatcher with 8 workers.
[PhysX] Initialized MultithreadedTaskDispatcher with 8 workers.
 -> (artifact id: 'e18745876aa3944740070e165e200204') in 0.009663 seconds
Number of updated asset objects reloaded before import = 0
Number of asset objects unloaded after import = 2
========================================================================
Received Prepare
Caller must complete domain reload
Begin MonoManager ReloadAssembly
Thread 0x16b3ef000 may have been prematurely finalized
Symbol file LoadedFromMemory is not a mono symbol file
- Loaded All Assemblies, in  0.523 seconds
Native extension for AppleTV target not found
Native extension for VisionOS target not found
Native extension for iOS target not found
Native extension for Android target not found
Native extension for OSXStandalone target not found
[Package Manager] Server::EnsureServerProcessIsRunning -- launch failed, reason: Unity was launched with the -noUpm command-line argument
[Package Manager] UpmClient::Send -- Unable to send message (not connected to UPM process).
[Package Manager] Cannot connect to Unity Package Manager local server
[Package Manager] Server::EnsureServerProcessIsRunning -- launch failed, reason: Unity was launched with the -noUpm command-line argument
[Package Manager] UpmClient::Send -- Unable to send message (not connected to UPM process).
[Package Manager] Cannot connect to Unity Package Manager local server
[Package Manager] Server::EnsureServerProcessIsRunning -- launch failed, reason: Unity was launched with the -noUpm command-line argument
[Package Manager] UpmClient::Send -- Unable to send message (not connected to UPM process).
[Package Manager] Cannot connect to Unity Package Manager local server
Mono: successfully reloaded assembly
[Package Manager] Server::EnsureServerProcessIsRunning -- launch failed, reason: Unity was launched with the -noUpm command-line argument
[Package Manager] UpmClient::Send -- Unable to send message (not connected to UPM process).
[Package Manager] Cannot connect to Unity Package Manager local server
- Finished resetting the current domain, in  1.676 seconds
Domain Reload Profiling: 2200ms
	BeginReloadAssembly (176ms)
		ExecutionOrderSort (0ms)
		DisableScriptedObjects (8ms)
		BackupInstance (0ms)
		ReleaseScriptingObjects (0ms)
		CreateAndSetChildDomain (77ms)
	RebuildCommonClasses (22ms)
	RebuildNativeTypeToScriptingClass (9ms)
	initialDomainReloadingComplete (16ms)
	LoadAllAssembliesAndSetupDomain (302ms)
		LoadAssemblies (285ms)
		RebuildTransferFunctionScriptingTraits (0ms)
		AnalyzeDomain (70ms)
			TypeCache.Refresh (15ms)
				TypeCache.ScanAssembly (2ms)
			ScanForSourceGeneratedMonoScriptInfo (36ms)
			ResolveRequiredComponents (18ms)
	FinalizeReload (1677ms)
		ReleaseScriptCaches (0ms)
		RebuildScriptCaches (0ms)
		SetupLoadedEditorAssemblies (585ms)
			LogAssemblyErrors (0ms)
			InitializePlatformSupportModulesInManaged (31ms)
			SetLoadedEditorAssemblies (4ms)
			RefreshPlugins (0ms)
			BeforeProcessingInitializeOnLoad (68ms)
			ProcessInitializeOnLoadAttributes (442ms)
			ProcessInitializeOnLoadMethodAttributes (39ms)
			AfterProcessingInitializeOnLoad (1ms)
			EditorAssembliesLoaded (0ms)
		ExecutionOrderSort2 (0ms)
		AwakeInstancesAfterBackupRestoration (15ms)
Shader 'Oculus/OVRMRCameraFrameLit': fallback shader 'Alpha-Diffuse' not found
Shader 'Meta/MRUK/Scene/HighlightsAndShadows': fallback shader 'Off' not found
Refreshing native plugins compatible for Editor in 3.18 ms, found 11 plugins.
Preloading 2 native plugins for Editor in 0.39 ms.
Unloading 8005 Unused Serialized files (Serialized files now loaded: 0)
Unloading 34 unused Assets / (3.4 MB). Loaded Objects now: 9053.
Memory consumption went from 398.6 MB to 395.2 MB.
Total: 6.615542 ms (FindLiveObjects: 0.314125 ms CreateObjectMapping: 0.188708 ms MarkObjects: 5.736375 ms  DeleteObjects: 0.375750 ms)

Prepare: number of updated asset objects reloaded= 0
AssetImportParameters requested are different than current active one (requested -> active):
  custom:container-demuxer-ogg: 62fdf1f143b41e24485cea50d1cbac27 -> 
  custom:container-muxer-webm: aa71ff27fc2769a1b78a27578f13a17b -> 
  custom:video-decoder-webm-vp8: 9c59270c3fd7afecdb556c50c9e8de78 -> 
  custom:SearchIndexIgnoredProperties: e643bd26f0fe6173181afceb89e7c659 -> 
  custom:AudioImporter_EditorPlatform: 3918e3fc78b5a79bad01e8451be0beb8 -> 
  custom:audio-decoder-ogg-vorbis: bf7c407c2cedff20999df2af8eb42d56 -> 
  custom:audio-encoder-webm-vorbis: bf7c407c2cedff20999df2af8eb42d56 -> 
  custom:scripting/precompiled-assembly-types:Assembly-CSharp: 767c35d692a0df1c222f006455a2b3a1 -> 5c56344c110a598e59555a8ee14399d7
  custom:video-decoder-ogg-theora: a1e56fd34408186e4bbccfd4996cb3dc -> 
  custom:CustomObjectIndexerAttribute: 3ead1caaecf1c488f20bcfeb224b6af5 -> 
  custom:container-demuxer-webm: 4f35f7cbe854078d1ac9338744f61a02 -> 
  custom:framework-osx-AVFoundation: e770b220cccbd017edd2c1fefb359320 -> 
  custom:video-encoder-webm-vp8: eb34c28f22e8b96e1ab97ce403110664 -> 
========================================================================
Received Import Request.
  Time since last request: 1099.353358 seconds.
  path: Assets/Settings
  artifactKey: Guid(0735c275001a2c84dafdb30deced5d8d) Importer(815301076,1909f56bfc062723c751e8b465ee728b)
Start importing Assets/Settings using Guid(0735c275001a2c84dafdb30deced5d8d) Importer(815301076,1909f56bfc062723c751e8b465ee728b) [PhysX] Initialized MultithreadedTaskDispatcher with 8 workers.
 -> (artifact id: '9e552d76c90d8c47d5be746575b784df') in 0.008357 seconds
Number of updated asset objects reloaded before import = 0
Number of asset objects unloaded after import = 0
========================================================================
Received Import Request.
  Time since last request: 0.000099 seconds.
  path: Assets/Settings/Cockpit_Renderer.asset
  artifactKey: Guid(a04c28107d77d5e42b7155783b8475b6) Importer(815301076,1909f56bfc062723c751e8b465ee728b)
Start importing Assets/Settings/Cockpit_Renderer.asset using Guid(a04c28107d77d5e42b7155783b8475b6) Importer(815301076,1909f56bfc062723c751e8b465ee728b) [PhysX] Initialized MultithreadedTaskDispatcher with 8 workers.
 -> (artifact id: '62ba6f44fc849fff7eed63b9d652f8ba') in 0.038873 seconds
Number of updated asset objects reloaded before import = 0
Number of asset objects unloaded after import = 0
========================================================================
Received Import Request.
  Time since last request: 35.821191 seconds.
  path: Assets/Scenes 1/new proto/opening.unity
  artifactKey: Guid(c2090d7d5744ead4db978de5a76785dc) Importer(815301076,1909f56bfc062723c751e8b465ee728b)
Start importing Assets/Scenes 1/new proto/opening.unity using Guid(c2090d7d5744ead4db978de5a76785dc) Importer(815301076,1909f56bfc062723c751e8b465ee728b) [PhysX] Initialized MultithreadedTaskDispatcher with 8 workers.
 -> (artifact id: 'cd946cfec933fecfc5520195915cb254') in 0.000341 seconds
Number of updated asset objects reloaded before import = 0
Number of asset objects unloaded after import = 0
========================================================================
Received Import Request.
  Time since last request: 38.149674 seconds.
  path: Assets/Scenes 1/new proto/morning.unity
  artifactKey: Guid(1822d12d6375f43d1953d3dee2cb0b1f) Importer(815301076,1909f56bfc062723c751e8b465ee728b)
Start importing Assets/Scenes 1/new proto/morning.unity using Guid(1822d12d6375f43d1953d3dee2cb0b1f) Importer(815301076,1909f56bfc062723c751e8b465ee728b) [PhysX] Initialized MultithreadedTaskDispatcher with 8 workers.
 -> (artifact id: '0fc24cebf5bfbc514e89ef7829f6ca07') in 0.002923 seconds
Number of updated asset objects reloaded before import = 0
Number of asset objects unloaded after import = 0
========================================================================
Received Prepare
Switching render pipeline 5e6cbd92db86f4b18aec3ed561671858 -> 9b9c0b62deeea4218843a7ad59325649
Shader 'Oculus/OVRMRCameraFrameLit': fallback shader 'Alpha-Diffuse' not found
Shader 'Meta/MRUK/Scene/HighlightsAndShadows': fallback shader 'Off' not found
Refreshing native plugins compatible for Editor in 3.23 ms, found 11 plugins.
Preloading 2 native plugins for Editor in 0.42 ms.
Unloading 18 Unused Serialized files (Serialized files now loaded: 0)
Unloading 18 unused Assets / (3.4 MB). Loaded Objects now: 9053.
Memory consumption went from 270.1 MB to 266.7 MB.
Total: 14.619625 ms (FindLiveObjects: 0.345042 ms CreateObjectMapping: 0.168583 ms MarkObjects: 13.738333 ms  DeleteObjects: 0.367375 ms)

Prepare: number of updated asset objects reloaded= 0
AssetImportParameters requested are different than current active one (requested -> active):
  custom:container-demuxer-ogg: 62fdf1f143b41e24485cea50d1cbac27 -> 
  custom:container-muxer-webm: aa71ff27fc2769a1b78a27578f13a17b -> 
  custom:video-decoder-webm-vp8: 9c59270c3fd7afecdb556c50c9e8de78 -> 
  custom:SearchIndexIgnoredProperties: e643bd26f0fe6173181afceb89e7c659 -> 
  custom:AudioImporter_EditorPlatform: 3918e3fc78b5a79bad01e8451be0beb8 -> 
  custom:audio-decoder-ogg-vorbis: bf7c407c2cedff20999df2af8eb42d56 -> 
  custom:audio-encoder-webm-vorbis: bf7c407c2cedff20999df2af8eb42d56 -> 
  custom:scripting/precompiled-assembly-types:Assembly-CSharp: 767c35d692a0df1c222f006455a2b3a1 -> 5c56344c110a598e59555a8ee14399d7
  custom:srp/default-pipeline: b9c9b026edee4a1288347ada95236594 -> e5c6db29bd684f1ba8cee35d16768185
  custom:video-decoder-ogg-theora: a1e56fd34408186e4bbccfd4996cb3dc -> 
  custom:CustomObjectIndexerAttribute: 3ead1caaecf1c488f20bcfeb224b6af5 -> 
  custom:container-demuxer-webm: 4f35f7cbe854078d1ac9338744f61a02 -> 
  custom:framework-osx-AVFoundation: e770b220cccbd017edd2c1fefb359320 -> 
  custom:video-encoder-webm-vp8: eb34c28f22e8b96e1ab97ce403110664 -> 
========================================================================
Received Prepare
Caller must complete domain reload
Begin MonoManager ReloadAssembly
Thread 0x16b3ef000 may have been prematurely finalized
Symbol file LoadedFromMemory is not a mono symbol file
- Loaded All Assemblies, in  0.426 seconds
Native extension for AppleTV target not found
Native extension for VisionOS target not found
Native extension for iOS target not found
Native extension for Android target not found
Native extension for OSXStandalone target not found
[Package Manager] Server::EnsureServerProcessIsRunning -- launch failed, reason: Unity was launched with the -noUpm command-line argument
[Package Manager] UpmClient::Send -- Unable to send message (not connected to UPM process).
[Package Manager] Cannot connect to Unity Package Manager local server
[Package Manager] Server::EnsureServerProcessIsRunning -- launch failed, reason: Unity was launched with the -noUpm command-line argument
[Package Manager] UpmClient::Send -- Unable to send message (not connected to UPM process).
[Package Manager] Cannot connect to Unity Package Manager local server
[Package Manager] Server::EnsureServerProcessIsRunning -- launch failed, reason: Unity was launched with the -noUpm command-line argument
[Package Manager] UpmClient::Send -- Unable to send message (not connected to UPM process).
[Package Manager] Cannot connect to Unity Package Manager local server
Mono: successfully reloaded assembly
[Package Manager] Server::EnsureServerProcessIsRunning -- launch failed, reason: Unity was launched with the -noUpm command-line argument
[Package Manager] UpmClient::Send -- Unable to send message (not connected to UPM process).
[Package Manager] Cannot connect to Unity Package Manager local server
- Finished resetting the current domain, in  1.437 seconds
Domain Reload Profiling: 1862ms
	BeginReloadAssembly (120ms)
		ExecutionOrderSort (0ms)
		DisableScriptedObjects (3ms)
		BackupInstance (0ms)
		ReleaseScriptingObjects (0ms)
		CreateAndSetChildDomain (54ms)
	RebuildCommonClasses (26ms)
	RebuildNativeTypeToScriptingClass (10ms)
	initialDomainReloadingComplete (29ms)
	LoadAllAssembliesAndSetupDomain (238ms)
		LoadAssemblies (204ms)
		RebuildTransferFunctionScriptingTraits (0ms)
		AnalyzeDomain (70ms)
			TypeCache.Refresh (15ms)
				TypeCache.ScanAssembly (2ms)
			ScanForSourceGeneratedMonoScriptInfo (36ms)
			ResolveRequiredComponents (17ms)
	FinalizeReload (1437ms)
		ReleaseScriptCaches (0ms)
		RebuildScriptCaches (0ms)
		SetupLoadedEditorAssemblies (474ms)
			LogAssemblyErrors (0ms)
			InitializePlatformSupportModulesInManaged (22ms)
			SetLoadedEditorAssemblies (3ms)
			RefreshPlugins (0ms)
			BeforeProcessingInitializeOnLoad (60ms)
			ProcessInitializeOnLoadAttributes (358ms)
			ProcessInitializeOnLoadMethodAttributes (30ms)
			AfterProcessingInitializeOnLoad (1ms)
			EditorAssembliesLoaded (0ms)
		ExecutionOrderSort2 (0ms)
		AwakeInstancesAfterBackupRestoration (12ms)
Switching render pipeline 5e6cbd92db86f4b18aec3ed561671858 -> 9b9c0b62deeea4218843a7ad59325649
Shader 'Oculus/OVRMRCameraFrameLit': fallback shader 'Alpha-Diffuse' not found
Shader 'Meta/MRUK/Scene/HighlightsAndShadows': fallback shader 'Off' not found
Refreshing native plugins compatible for Editor in 2.90 ms, found 11 plugins.
Preloading 2 native plugins for Editor in 0.36 ms.
Unloading 7999 Unused Serialized files (Serialized files now loaded: 0)
Unloading 33 unused Assets / (3.4 MB). Loaded Objects now: 9070.
Memory consumption went from 404.0 MB to 400.6 MB.
Total: 5.226958 ms (FindLiveObjects: 0.272500 ms CreateObjectMapping: 0.158042 ms MarkObjects: 4.477083 ms  DeleteObjects: 0.318709 ms)

Prepare: number of updated asset objects reloaded= 0
AssetImportParameters requested are different than current active one (requested -> active):
  custom:container-demuxer-ogg: 62fdf1f143b41e24485cea50d1cbac27 -> 
  custom:container-muxer-webm: aa71ff27fc2769a1b78a27578f13a17b -> 
  custom:video-decoder-webm-vp8: 9c59270c3fd7afecdb556c50c9e8de78 -> 
  custom:SearchIndexIgnoredProperties: e643bd26f0fe6173181afceb89e7c659 -> 
  custom:AudioImporter_EditorPlatform: 3918e3fc78b5a79bad01e8451be0beb8 -> 
  custom:audio-decoder-ogg-vorbis: bf7c407c2cedff20999df2af8eb42d56 -> 
  custom:audio-encoder-webm-vorbis: bf7c407c2cedff20999df2af8eb42d56 -> 
  custom:scripting/precompiled-assembly-types:Assembly-CSharp: 767c35d692a0df1c222f006455a2b3a1 -> 5c56344c110a598e59555a8ee14399d7
  custom:srp/default-pipeline: b9c9b026edee4a1288347ada95236594 -> e5c6db29bd684f1ba8cee35d16768185
  custom:video-decoder-ogg-theora: a1e56fd34408186e4bbccfd4996cb3dc -> 
  custom:CustomObjectIndexerAttribute: 3ead1caaecf1c488f20bcfeb224b6af5 -> 
  custom:container-demuxer-webm: 4f35f7cbe854078d1ac9338744f61a02 -> 
  custom:framework-osx-AVFoundation: e770b220cccbd017edd2c1fefb359320 -> 
  custom:video-encoder-webm-vp8: eb34c28f22e8b96e1ab97ce403110664 -> 
========================================================================
Received Prepare
Caller must complete domain reload
Begin MonoManager ReloadAssembly
Thread 0x16b3ef000 may have been prematurely finalized
Symbol file LoadedFromMemory is not a mono symbol file
- Loaded All Assemblies, in  0.472 seconds
Native extension for AppleTV target not found
Native extension for VisionOS target not found
Native extension for iOS target not found
Native extension for Android target not found
Native extension for OSXStandalone target not found
[Package Manager] Server::EnsureServerProcessIsRunning -- launch failed, reason: Unity was launched with the -noUpm command-line argument
[Package Manager] UpmClient::Send -- Unable to send message (not connected to UPM process).
[Package Manager] Cannot connect to Unity Package Manager local server
[Package Manager] Server::EnsureServerProcessIsRunning -- launch failed, reason: Unity was launched with the -noUpm command-line argument
[Package Manager] UpmClient::Send -- Unable to send message (not connected to UPM process).
[Package Manager] Cannot connect to Unity Package Manager local server
[Package Manager] Server::EnsureServerProcessIsRunning -- launch failed, reason: Unity was launched with the -noUpm command-line argument
[Package Manager] UpmClient::Send -- Unable to send message (not connected to UPM process).
[Package Manager] Cannot connect to Unity Package Manager local server
Mono: successfully reloaded assembly
[Package Manager] Server::EnsureServerProcessIsRunning -- launch failed, reason: Unity was launched with the -noUpm command-line argument
[Package Manager] UpmClient::Send -- Unable to send message (not connected to UPM process).
[Package Manager] Cannot connect to Unity Package Manager local server
- Finished resetting the current domain, in  1.529 seconds
Domain Reload Profiling: 2001ms
	BeginReloadAssembly (148ms)
		ExecutionOrderSort (0ms)
		DisableScriptedObjects (3ms)
		BackupInstance (0ms)
		ReleaseScriptingObjects (0ms)
		CreateAndSetChildDomain (62ms)
	RebuildCommonClasses (22ms)
	RebuildNativeTypeToScriptingClass (8ms)
	initialDomainReloadingComplete (16ms)
	LoadAllAssembliesAndSetupDomain (277ms)
		LoadAssemblies (269ms)
		RebuildTransferFunctionScriptingTraits (0ms)
		AnalyzeDomain (62ms)
			TypeCache.Refresh (13ms)
				TypeCache.ScanAssembly (2ms)
			ScanForSourceGeneratedMonoScriptInfo (31ms)
			ResolveRequiredComponents (18ms)
	FinalizeReload (1529ms)
		ReleaseScriptCaches (0ms)
		RebuildScriptCaches (0ms)
		SetupLoadedEditorAssemblies (522ms)
			LogAssemblyErrors (0ms)
			InitializePlatformSupportModulesInManaged (21ms)
			SetLoadedEditorAssemblies (3ms)
			RefreshPlugins (0ms)
			BeforeProcessingInitializeOnLoad (64ms)
			ProcessInitializeOnLoadAttributes (400ms)
			ProcessInitializeOnLoadMethodAttributes (33ms)
			AfterProcessingInitializeOnLoad (1ms)
			EditorAssembliesLoaded (0ms)
		ExecutionOrderSort2 (0ms)
		AwakeInstancesAfterBackupRestoration (13ms)
Switching render pipeline 5e6cbd92db86f4b18aec3ed561671858 -> 9b9c0b62deeea4218843a7ad59325649
Shader 'Oculus/OVRMRCameraFrameLit': fallback shader 'Alpha-Diffuse' not found
Shader 'Meta/MRUK/Scene/HighlightsAndShadows': fallback shader 'Off' not found
Refreshing native plugins compatible for Editor in 3.04 ms, found 11 plugins.
Preloading 2 native plugins for Editor in 0.35 ms.
Unloading 7999 Unused Serialized files (Serialized files now loaded: 0)
Unloading 33 unused Assets / (3.4 MB). Loaded Objects now: 9087.
Memory consumption went from 413.1 MB to 409.7 MB.
Total: 6.010750 ms (FindLiveObjects: 0.280875 ms CreateObjectMapping: 0.170666 ms MarkObjects: 5.213459 ms  DeleteObjects: 0.345208 ms)

Prepare: number of updated asset objects reloaded= 0
AssetImportParameters requested are different than current active one (requested -> active):
  custom:container-demuxer-ogg: 62fdf1f143b41e24485cea50d1cbac27 -> 
  custom:container-muxer-webm: aa71ff27fc2769a1b78a27578f13a17b -> 
  custom:video-decoder-webm-vp8: 9c59270c3fd7afecdb556c50c9e8de78 -> 
  custom:SearchIndexIgnoredProperties: e643bd26f0fe6173181afceb89e7c659 -> 
  custom:AudioImporter_EditorPlatform: 3918e3fc78b5a79bad01e8451be0beb8 -> 
  custom:audio-decoder-ogg-vorbis: bf7c407c2cedff20999df2af8eb42d56 -> 
  custom:audio-encoder-webm-vorbis: bf7c407c2cedff20999df2af8eb42d56 -> 
  custom:scripting/precompiled-assembly-types:Assembly-CSharp: 767c35d692a0df1c222f006455a2b3a1 -> 5c56344c110a598e59555a8ee14399d7
  custom:srp/default-pipeline: b9c9b026edee4a1288347ada95236594 -> e5c6db29bd684f1ba8cee35d16768185
  custom:video-decoder-ogg-theora: a1e56fd34408186e4bbccfd4996cb3dc -> 
  custom:CustomObjectIndexerAttribute: 3ead1caaecf1c488f20bcfeb224b6af5 -> 
  custom:container-demuxer-webm: 4f35f7cbe854078d1ac9338744f61a02 -> 
  custom:framework-osx-AVFoundation: e770b220cccbd017edd2c1fefb359320 -> 
  custom:video-encoder-webm-vp8: eb34c28f22e8b96e1ab97ce403110664 -> 
========================================================================
Received Import Request.
  Time since last request: 2098.992143 seconds.
  path: Assets/ray.mat
  artifactKey: Guid(3fc33957735054cac83f6a7cbf439af6) Importer(815301076,1909f56bfc062723c751e8b465ee728b)
Start importing Assets/ray.mat using Guid(3fc33957735054cac83f6a7cbf439af6) Importer(815301076,1909f56bfc062723c751e8b465ee728b) [PhysX] Initialized MultithreadedTaskDispatcher with 8 workers.
[PhysX] Initialized MultithreadedTaskDispatcher with 8 workers.
 -> (artifact id: '5e31ff8bbb8b9808cf0048862bbcfec3') in 0.153050 seconds
Number of updated asset objects reloaded before import = 0
Number of asset objects unloaded after import = 21
========================================================================
Received Import Request.
  Time since last request: 8.560266 seconds.
  path: Assets/Animal Asset/cricket.fbx
  artifactKey: Guid(4e1d7fcedb7854d7da75796fed2952f5) Importer(815301076,1909f56bfc062723c751e8b465ee728b)
Start importing Assets/Animal Asset/cricket.fbx using Guid(4e1d7fcedb7854d7da75796fed2952f5) Importer(815301076,1909f56bfc062723c751e8b465ee728b) [PhysX] Initialized MultithreadedTaskDispatcher with 8 workers.
[PhysX] Initialized MultithreadedTaskDispatcher with 8 workers.
[PhysX] Initialized MultithreadedTaskDispatcher with 8 workers.
 -> (artifact id: '5e59e0fdc6bc072a788796c8854e3c15') in 0.028053 seconds
Number of updated asset objects reloaded before import = 0
Number of asset objects unloaded after import = 10
========================================================================
Received Prepare
Caller must complete domain reload
Begin MonoManager ReloadAssembly
Thread 0x17c94b000 may have been prematurely finalized
Symbol file LoadedFromMemory is not a mono symbol file
- Loaded All Assemblies, in  0.447 seconds
Native extension for AppleTV target not found
Native extension for VisionOS target not found
Native extension for iOS target not found
Native extension for Android target not found
Native extension for OSXStandalone target not found
[Package Manager] Server::EnsureServerProcessIsRunning -- launch failed, reason: Unity was launched with the -noUpm command-line argument
[Package Manager] UpmClient::Send -- Unable to send message (not connected to UPM process).
[Package Manager] Cannot connect to Unity Package Manager local server
[Package Manager] Server::EnsureServerProcessIsRunning -- launch failed, reason: Unity was launched with the -noUpm command-line argument
[Package Manager] UpmClient::Send -- Unable to send message (not connected to UPM process).
[Package Manager] Cannot connect to Unity Package Manager local server
[Package Manager] Server::EnsureServerProcessIsRunning -- launch failed, reason: Unity was launched with the -noUpm command-line argument
[Package Manager] UpmClient::Send -- Unable to send message (not connected to UPM process).
[Package Manager] Cannot connect to Unity Package Manager local server
Mono: successfully reloaded assembly
[Package Manager] Server::EnsureServerProcessIsRunning -- launch failed, reason: Unity was launched with the -noUpm command-line argument
[Package Manager] UpmClient::Send -- Unable to send message (not connected to UPM process).
[Package Manager] Cannot connect to Unity Package Manager local server
- Finished resetting the current domain, in  1.525 seconds
Domain Reload Profiling: 1972ms
	BeginReloadAssembly (131ms)
		ExecutionOrderSort (0ms)
		DisableScriptedObjects (8ms)
		BackupInstance (0ms)
		ReleaseScriptingObjects (0ms)
		CreateAndSetChildDomain (63ms)
	RebuildCommonClasses (22ms)
	RebuildNativeTypeToScriptingClass (10ms)
	initialDomainReloadingComplete (24ms)
	LoadAllAssembliesAndSetupDomain (260ms)
		LoadAssemblies (225ms)
		RebuildTransferFunctionScriptingTraits (0ms)
		AnalyzeDomain (68ms)
			TypeCache.Refresh (13ms)
				TypeCache.ScanAssembly (2ms)
			ScanForSourceGeneratedMonoScriptInfo (34ms)
			ResolveRequiredComponents (18ms)
	FinalizeReload (1525ms)
		ReleaseScriptCaches (0ms)
		RebuildScriptCaches (0ms)
		SetupLoadedEditorAssemblies (505ms)
			LogAssemblyErrors (0ms)
			InitializePlatformSupportModulesInManaged (25ms)
			SetLoadedEditorAssemblies (3ms)
			RefreshPlugins (0ms)
			BeforeProcessingInitializeOnLoad (63ms)
			ProcessInitializeOnLoadAttributes (381ms)
			ProcessInitializeOnLoadMethodAttributes (32ms)
			AfterProcessingInitializeOnLoad (1ms)
			EditorAssembliesLoaded (0ms)
		ExecutionOrderSort2 (0ms)
		AwakeInstancesAfterBackupRestoration (13ms)
Switching render pipeline 5e6cbd92db86f4b18aec3ed561671858 -> 9b9c0b62deeea4218843a7ad59325649
Shader 'Oculus/OVRMRCameraFrameLit': fallback shader 'Alpha-Diffuse' not found
Shader 'Meta/MRUK/Scene/HighlightsAndShadows': fallback shader 'Off' not found
Refreshing native plugins compatible for Editor in 3.12 ms, found 11 plugins.
Preloading 2 native plugins for Editor in 0.33 ms.
Unloading 7999 Unused Serialized files (Serialized files now loaded: 0)
Unloading 33 unused Assets / (3.4 MB). Loaded Objects now: 9140.
Memory consumption went from 433.6 MB to 430.2 MB.
Total: 5.678166 ms (FindLiveObjects: 0.271417 ms CreateObjectMapping: 0.150583 ms MarkObjects: 4.870625 ms  DeleteObjects: 0.384459 ms)

Prepare: number of updated asset objects reloaded= 0
AssetImportParameters requested are different than current active one (requested -> active):
  custom:container-demuxer-ogg: 62fdf1f143b41e24485cea50d1cbac27 -> 
  custom:container-muxer-webm: aa71ff27fc2769a1b78a27578f13a17b -> 
  custom:video-decoder-webm-vp8: 9c59270c3fd7afecdb556c50c9e8de78 -> 
  custom:SearchIndexIgnoredProperties: e643bd26f0fe6173181afceb89e7c659 -> 
  custom:AudioImporter_EditorPlatform: 3918e3fc78b5a79bad01e8451be0beb8 -> 
  custom:audio-decoder-ogg-vorbis: bf7c407c2cedff20999df2af8eb42d56 -> 
  custom:audio-encoder-webm-vorbis: bf7c407c2cedff20999df2af8eb42d56 -> 
  custom:scripting/precompiled-assembly-types:Assembly-CSharp: 767c35d692a0df1c222f006455a2b3a1 -> 5c56344c110a598e59555a8ee14399d7
  custom:srp/default-pipeline: b9c9b026edee4a1288347ada95236594 -> e5c6db29bd684f1ba8cee35d16768185
  custom:video-decoder-ogg-theora: a1e56fd34408186e4bbccfd4996cb3dc -> 
  custom:CustomObjectIndexerAttribute: 3ead1caaecf1c488f20bcfeb224b6af5 -> 
  custom:container-demuxer-webm: 4f35f7cbe854078d1ac9338744f61a02 -> 
  custom:framework-osx-AVFoundation: e770b220cccbd017edd2c1fefb359320 -> 
  custom:video-encoder-webm-vp8: eb34c28f22e8b96e1ab97ce403110664 -> 
========================================================================
Received Prepare
Caller must complete domain reload
Begin MonoManager ReloadAssembly
Thread 0x17c94b000 may have been prematurely finalized
Symbol file LoadedFromMemory is not a mono symbol file
- Loaded All Assemblies, in  0.443 seconds
Native extension for AppleTV target not found
Native extension for VisionOS target not found
Native extension for iOS target not found
Native extension for Android target not found
Native extension for OSXStandalone target not found
[Package Manager] Server::EnsureServerProcessIsRunning -- launch failed, reason: Unity was launched with the -noUpm command-line argument
[Package Manager] UpmClient::Send -- Unable to send message (not connected to UPM process).
[Package Manager] Cannot connect to Unity Package Manager local server
[Package Manager] Server::EnsureServerProcessIsRunning -- launch failed, reason: Unity was launched with the -noUpm command-line argument
[Package Manager] UpmClient::Send -- Unable to send message (not connected to UPM process).
[Package Manager] Cannot connect to Unity Package Manager local server
[Package Manager] Server::EnsureServerProcessIsRunning -- launch failed, reason: Unity was launched with the -noUpm command-line argument
[Package Manager] UpmClient::Send -- Unable to send message (not connected to UPM process).
[Package Manager] Cannot connect to Unity Package Manager local server
Mono: successfully reloaded assembly
[Package Manager] Server::EnsureServerProcessIsRunning -- launch failed, reason: Unity was launched with the -noUpm command-line argument
[Package Manager] UpmClient::Send -- Unable to send message (not connected to UPM process).
[Package Manager] Cannot connect to Unity Package Manager local server
- Finished resetting the current domain, in  1.684 seconds
Domain Reload Profiling: 2128ms
	BeginReloadAssembly (120ms)
		ExecutionOrderSort (0ms)
		DisableScriptedObjects (3ms)
		BackupInstance (0ms)
		ReleaseScriptingObjects (0ms)
		CreateAndSetChildDomain (51ms)
	RebuildCommonClasses (22ms)
	RebuildNativeTypeToScriptingClass (8ms)
	initialDomainReloadingComplete (14ms)
	LoadAllAssembliesAndSetupDomain (279ms)
		LoadAssemblies (251ms)
		RebuildTransferFunctionScriptingTraits (0ms)
		AnalyzeDomain (65ms)
			TypeCache.Refresh (13ms)
				TypeCache.ScanAssembly (2ms)
			ScanForSourceGeneratedMonoScriptInfo (33ms)
			ResolveRequiredComponents (18ms)
	FinalizeReload (1685ms)
		ReleaseScriptCaches (0ms)
		RebuildScriptCaches (0ms)
		SetupLoadedEditorAssemblies (662ms)
			LogAssemblyErrors (0ms)
			InitializePlatformSupportModulesInManaged (26ms)
			SetLoadedEditorAssemblies (3ms)
			RefreshPlugins (0ms)
			BeforeProcessingInitializeOnLoad (64ms)
			ProcessInitializeOnLoadAttributes (531ms)
			ProcessInitializeOnLoadMethodAttributes (37ms)
			AfterProcessingInitializeOnLoad (1ms)
			EditorAssembliesLoaded (0ms)
		ExecutionOrderSort2 (0ms)
		AwakeInstancesAfterBackupRestoration (15ms)
Switching render pipeline 5e6cbd92db86f4b18aec3ed561671858 -> 9b9c0b62deeea4218843a7ad59325649
Shader 'Oculus/OVRMRCameraFrameLit': fallback shader 'Alpha-Diffuse' not found
Shader 'Meta/MRUK/Scene/HighlightsAndShadows': fallback shader 'Off' not found
Refreshing native plugins compatible for Editor in 3.17 ms, found 11 plugins.
Preloading 2 native plugins for Editor in 0.38 ms.
Unloading 7999 Unused Serialized files (Serialized files now loaded: 0)
Unloading 33 unused Assets / (3.4 MB). Loaded Objects now: 9157.
Memory consumption went from 442.6 MB to 439.2 MB.
Total: 6.379250 ms (FindLiveObjects: 0.299209 ms CreateObjectMapping: 0.183875 ms MarkObjects: 5.458542 ms  DeleteObjects: 0.437041 ms)

Prepare: number of updated asset objects reloaded= 0
AssetImportParameters requested are different than current active one (requested -> active):
  custom:container-demuxer-ogg: 62fdf1f143b41e24485cea50d1cbac27 -> 
  custom:container-muxer-webm: aa71ff27fc2769a1b78a27578f13a17b -> 
  custom:video-decoder-webm-vp8: 9c59270c3fd7afecdb556c50c9e8de78 -> 
  custom:SearchIndexIgnoredProperties: e643bd26f0fe6173181afceb89e7c659 -> 
  custom:AudioImporter_EditorPlatform: 3918e3fc78b5a79bad01e8451be0beb8 -> 
  custom:audio-decoder-ogg-vorbis: bf7c407c2cedff20999df2af8eb42d56 -> 
  custom:audio-encoder-webm-vorbis: bf7c407c2cedff20999df2af8eb42d56 -> 
  custom:scripting/precompiled-assembly-types:Assembly-CSharp: c6655a87e45a17d3bd4f31351236fe10 -> 5c56344c110a598e59555a8ee14399d7
  custom:srp/default-pipeline: b9c9b026edee4a1288347ada95236594 -> e5c6db29bd684f1ba8cee35d16768185
  custom:video-decoder-ogg-theora: a1e56fd34408186e4bbccfd4996cb3dc -> 
  custom:CustomObjectIndexerAttribute: 3ead1caaecf1c488f20bcfeb224b6af5 -> 
  custom:container-demuxer-webm: 4f35f7cbe854078d1ac9338744f61a02 -> 
  custom:framework-osx-AVFoundation: e770b220cccbd017edd2c1fefb359320 -> 
  custom:video-encoder-webm-vp8: eb34c28f22e8b96e1ab97ce403110664 -> 
========================================================================
Received Import Request.
  Time since last request: 3252.656632 seconds.
  path: Assets/Animal Asset/deer.fbx
  artifactKey: Guid(66a52fc0acfa2473aa1f8e7f233bbef8) Importer(815301076,1909f56bfc062723c751e8b465ee728b)
Start importing Assets/Animal Asset/deer.fbx using Guid(66a52fc0acfa2473aa1f8e7f233bbef8) Importer(815301076,1909f56bfc062723c751e8b465ee728b) [PhysX] Initialized MultithreadedTaskDispatcher with 8 workers.
 -> (artifact id: '4cae4f10f4bb50cca0f2b8112c9844b9') in 0.001556 seconds
Number of updated asset objects reloaded before import = 0
Number of asset objects unloaded after import = 0
========================================================================
Received Import Request.
  Time since last request: 6.712420 seconds.
  path: Assets/Animal Asset/model/deer/deer.png
  artifactKey: Guid(4a433095d365f4215945603d25689aea) Importer(815301076,1909f56bfc062723c751e8b465ee728b)
Start importing Assets/Animal Asset/model/deer/deer.png using Guid(4a433095d365f4215945603d25689aea) Importer(815301076,1909f56bfc062723c751e8b465ee728b) [PhysX] Initialized MultithreadedTaskDispatcher with 8 workers.
[PhysX] Initialized MultithreadedTaskDispatcher with 8 workers.
 -> (artifact id: '05c9e40b2c69500e36e68292d97ca98b') in 0.030126 seconds
Number of updated asset objects reloaded before import = 0
Number of asset objects unloaded after import = 2
========================================================================
Received Import Request.
  Time since last request: 32.901668 seconds.
  path: Assets/Samples/XR Interaction Toolkit/2.6.3/Starter Assets/Models/XRControllerRight.fbx
  artifactKey: Guid(11cd62256b1d470f922b2c8e6446cc77) Importer(815301076,1909f56bfc062723c751e8b465ee728b)
Start importing Assets/Samples/XR Interaction Toolkit/2.6.3/Starter Assets/Models/XRControllerRight.fbx using Guid(11cd62256b1d470f922b2c8e6446cc77) Importer(815301076,1909f56bfc062723c751e8b465ee728b) [PhysX] Initialized MultithreadedTaskDispatcher with 8 workers.
[PhysX] Initialized MultithreadedTaskDispatcher with 8 workers.
[PhysX] Initialized MultithreadedTaskDispatcher with 8 workers.
[PhysX] Initialized MultithreadedTaskDispatcher with 8 workers.
[PhysX] Initialized MultithreadedTaskDispatcher with 8 workers.
[PhysX] Initialized MultithreadedTaskDispatcher with 8 workers.
[PhysX] Initialized MultithreadedTaskDispatcher with 8 workers.
[PhysX] Initialized MultithreadedTaskDispatcher with 8 workers.
[PhysX] Initialized MultithreadedTaskDispatcher with 8 workers.
[PhysX] Initialized MultithreadedTaskDispatcher with 8 workers.
[PhysX] Initialized MultithreadedTaskDispatcher with 8 workers.
[PhysX] Initialized MultithreadedTaskDispatcher with 8 workers.
[PhysX] Initialized MultithreadedTaskDispatcher with 8 workers.
[PhysX] Initialized MultithreadedTaskDispatcher with 8 workers.
[PhysX] Initialized MultithreadedTaskDispatcher with 8 workers.
[PhysX] Initialized MultithreadedTaskDispatcher with 8 workers.
[PhysX] Initialized MultithreadedTaskDispatcher with 8 workers.
[PhysX] Initialized MultithreadedTaskDispatcher with 8 workers.
 -> (artifact id: '30db7f085f18e39dc7f6565776ae2516') in 0.199531 seconds
Number of updated asset objects reloaded before import = 0
Number of asset objects unloaded after import = 74
========================================================================
Received Import Request.
  Time since last request: 1.888689 seconds.
  path: Assets/Environment/balls (for Deer)/Balls.fbx
  artifactKey: Guid(66dc31ded68a94b3a872e17ad3d5e4a3) Importer(815301076,1909f56bfc062723c751e8b465ee728b)
Start importing Assets/Environment/balls (for Deer)/Balls.fbx using Guid(66dc31ded68a94b3a872e17ad3d5e4a3) Importer(815301076,1909f56bfc062723c751e8b465ee728b) [PhysX] Initialized MultithreadedTaskDispatcher with 8 workers.
[PhysX] Initialized MultithreadedTaskDispatcher with 8 workers.
[PhysX] Initialized MultithreadedTaskDispatcher with 8 workers.
[PhysX] Initialized MultithreadedTaskDispatcher with 8 workers.
[PhysX] Initialized MultithreadedTaskDispatcher with 8 workers.
[PhysX] Initialized MultithreadedTaskDispatcher with 8 workers.
[PhysX] Initialized MultithreadedTaskDispatcher with 8 workers.
[PhysX] Initialized MultithreadedTaskDispatcher with 8 workers.
 -> (artifact id: 'c35b64bd3ade074c1fe868689e6341d2') in 0.030171 seconds
Number of updated asset objects reloaded before import = 0
Number of asset objects unloaded after import = 20
========================================================================
Received Import Request.
  Time since last request: 0.059234 seconds.
  path: Assets/Samples/XR Interaction Toolkit/2.6.3/Starter Assets/DemoSceneAssets/Models/PushButton.fbx
  artifactKey: Guid(7ab6f3b0fd1a6ba41b2a47766c16613f) Importer(815301076,1909f56bfc062723c751e8b465ee728b)
Start importing Assets/Samples/XR Interaction Toolkit/2.6.3/Starter Assets/DemoSceneAssets/Models/PushButton.fbx using Guid(7ab6f3b0fd1a6ba41b2a47766c16613f) Importer(815301076,1909f56bfc062723c751e8b465ee728b) [PhysX] Initialized MultithreadedTaskDispatcher with 8 workers.
[PhysX] Initialized MultithreadedTaskDispatcher with 8 workers.
[PhysX] Initialized MultithreadedTaskDispatcher with 8 workers.
[PhysX] Initialized MultithreadedTaskDispatcher with 8 workers.
[PhysX] Initialized MultithreadedTaskDispatcher with 8 workers.
[PhysX] Initialized MultithreadedTaskDispatcher with 8 workers.
[PhysX] Initialized MultithreadedTaskDispatcher with 8 workers.
[PhysX] Initialized MultithreadedTaskDispatcher with 8 workers.
[PhysX] Initialized MultithreadedTaskDispatcher with 8 workers.
 -> (artifact id: '81a8650919bf422a90c9199ed354eb9c') in 0.027120 seconds
Number of updated asset objects reloaded before import = 0
Number of asset objects unloaded after import = 21
========================================================================
Received Import Request.
  Time since last request: 0.808122 seconds.
  path: Assets/Animal Asset/Fox/fox F.fbx
  artifactKey: Guid(94d214ce781924efe818045621c59782) Importer(815301076,1909f56bfc062723c751e8b465ee728b)
Start importing Assets/Animal Asset/Fox/fox F.fbx using Guid(94d214ce781924efe818045621c59782) Importer(815301076,1909f56bfc062723c751e8b465ee728b) [PhysX] Initialized MultithreadedTaskDispatcher with 8 workers.
[PhysX] Initialized MultithreadedTaskDispatcher with 8 workers.
[PhysX] Initialized MultithreadedTaskDispatcher with 8 workers.
[PhysX] Initialized MultithreadedTaskDispatcher with 8 workers.
[PhysX] Initialized MultithreadedTaskDispatcher with 8 workers.
[PhysX] Initialized MultithreadedTaskDispatcher with 8 workers.
[PhysX] Initialized MultithreadedTaskDispatcher with 8 workers.
 -> (artifact id: 'b4aafab5f860a01decf0a4cb1c55c789') in 0.049377 seconds
Number of updated asset objects reloaded before import = 0
Number of asset objects unloaded after import = 2457
========================================================================
Received Import Request.
  Time since last request: 0.036080 seconds.
  path: Assets/Animal Asset/Fox/Animations/Fox_Walk.fbx
  artifactKey: Guid(f56a614af49e8f74fb38d336d6b77e35) Importer(815301076,1909f56bfc062723c751e8b465ee728b)
Start importing Assets/Animal Asset/Fox/Animations/Fox_Walk.fbx using Guid(f56a614af49e8f74fb38d336d6b77e35) Importer(815301076,1909f56bfc062723c751e8b465ee728b) [PhysX] Initialized MultithreadedTaskDispatcher with 8 workers.
[PhysX] Initialized MultithreadedTaskDispatcher with 8 workers.
[PhysX] Initialized MultithreadedTaskDispatcher with 8 workers.
[PhysX] Initialized MultithreadedTaskDispatcher with 8 workers.
[PhysX] Initialized MultithreadedTaskDispatcher with 8 workers.
 -> (artifact id: '2521ba55b7f8fe6773266f2e48a78a66') in 0.023687 seconds
Number of updated asset objects reloaded before import = 0
Number of asset objects unloaded after import = 93
========================================================================
Received Import Request.
  Time since last request: 0.530495 seconds.
  path: Assets/Animal Asset/Fox/Animations/Fox_Walk_Right_InPlace.fbx
  artifactKey: Guid(bdbaf568193ceb44eb952bb2af5f3837) Importer(815301076,1909f56bfc062723c751e8b465ee728b)
Start importing Assets/Animal Asset/Fox/Animations/Fox_Walk_Right_InPlace.fbx using Guid(bdbaf568193ceb44eb952bb2af5f3837) Importer(815301076,1909f56bfc062723c751e8b465ee728b) [PhysX] Initialized MultithreadedTaskDispatcher with 8 workers.
[PhysX] Initialized MultithreadedTaskDispatcher with 8 workers.
[PhysX] Initialized MultithreadedTaskDispatcher with 8 workers.
[PhysX] Initialized MultithreadedTaskDispatcher with 8 workers.
[PhysX] Initialized MultithreadedTaskDispatcher with 8 workers.
 -> (artifact id: 'ad1f7799dd01e2c6b6a109ed653c65f8') in 0.037071 seconds
Number of updated asset objects reloaded before import = 0
Number of asset objects unloaded after import = 93
========================================================================
Received Import Request.
  Time since last request: 0.024583 seconds.
  path: Assets/Animal Asset/Fox/Animations/Fox_Walk_Right.fbx
  artifactKey: Guid(8f0cf4218cd736142a75f73f2ce615ba) Importer(815301076,1909f56bfc062723c751e8b465ee728b)
Start importing Assets/Animal Asset/Fox/Animations/Fox_Walk_Right.fbx using Guid(8f0cf4218cd736142a75f73f2ce615ba) Importer(815301076,1909f56bfc062723c751e8b465ee728b) [PhysX] Initialized MultithreadedTaskDispatcher with 8 workers.
[PhysX] Initialized MultithreadedTaskDispatcher with 8 workers.
[PhysX] Initialized MultithreadedTaskDispatcher with 8 workers.
[PhysX] Initialized MultithreadedTaskDispatcher with 8 workers.
[PhysX] Initialized MultithreadedTaskDispatcher with 8 workers.
 -> (artifact id: '7707d311d748bcdc3f4740108abe200b') in 0.023069 seconds
Number of updated asset objects reloaded before import = 0
Number of asset objects unloaded after import = 93
========================================================================
Received Import Request.
  Time since last request: 0.000077 seconds.
  path: Assets/Animal Asset/Fox/Animations/Fox_Walk_Left.fbx
  artifactKey: Guid(bc0cfd164a2579d41851505ba8332e40) Importer(815301076,1909f56bfc062723c751e8b465ee728b)
Start importing Assets/Animal Asset/Fox/Animations/Fox_Walk_Left.fbx using Guid(bc0cfd164a2579d41851505ba8332e40) Importer(815301076,1909f56bfc062723c751e8b465ee728b) [PhysX] Initialized MultithreadedTaskDispatcher with 8 workers.
[PhysX] Initialized MultithreadedTaskDispatcher with 8 workers.
[PhysX] Initialized MultithreadedTaskDispatcher with 8 workers.
[PhysX] Initialized MultithreadedTaskDispatcher with 8 workers.
[PhysX] Initialized MultithreadedTaskDispatcher with 8 workers.
 -> (artifact id: 'b4072b72ae899f77e109aa31ba92d29f') in 0.017989 seconds
Number of updated asset objects reloaded before import = 0
Number of asset objects unloaded after import = 93
========================================================================
Received Import Request.
  Time since last request: 0.000035 seconds.
  path: Assets/Animal Asset/Fox/Animations/Fox_Walk_Left_InPlace.fbx
  artifactKey: Guid(b2adcf57d666f76469d4ca24956e82b7) Importer(815301076,1909f56bfc062723c751e8b465ee728b)
Start importing Assets/Animal Asset/Fox/Animations/Fox_Walk_Left_InPlace.fbx using Guid(b2adcf57d666f76469d4ca24956e82b7) Importer(815301076,1909f56bfc062723c751e8b465ee728b) [PhysX] Initialized MultithreadedTaskDispatcher with 8 workers.
[PhysX] Initialized MultithreadedTaskDispatcher with 8 workers.
[PhysX] Initialized MultithreadedTaskDispatcher with 8 workers.
[PhysX] Initialized MultithreadedTaskDispatcher with 8 workers.
[PhysX] Initialized MultithreadedTaskDispatcher with 8 workers.
 -> (artifact id: '378a34bd0cae78c3b53cfb5c045e6e72') in 0.018962 seconds
Number of updated asset objects reloaded before import = 0
Number of asset objects unloaded after import = 93
========================================================================
Received Import Request.
  Time since last request: 0.853563 seconds.
  path: Assets/Animal Asset/Fox/Animations/Fox_Walk_Back_InPlace.fbx
  artifactKey: Guid(90c44eee7e281954292e37471017ab8e) Importer(815301076,1909f56bfc062723c751e8b465ee728b)
Start importing Assets/Animal Asset/Fox/Animations/Fox_Walk_Back_InPlace.fbx using Guid(90c44eee7e281954292e37471017ab8e) Importer(815301076,1909f56bfc062723c751e8b465ee728b) [PhysX] Initialized MultithreadedTaskDispatcher with 8 workers.
[PhysX] Initialized MultithreadedTaskDispatcher with 8 workers.
[PhysX] Initialized MultithreadedTaskDispatcher with 8 workers.
[PhysX] Initialized MultithreadedTaskDispatcher with 8 workers.
[PhysX] Initialized MultithreadedTaskDispatcher with 8 workers.
 -> (artifact id: 'f7333a2a64b1ee3628668993f5cdfb12') in 0.019743 seconds
Number of updated asset objects reloaded before import = 0
Number of asset objects unloaded after import = 93
========================================================================
Received Import Request.
  Time since last request: 0.016945 seconds.
  path: Assets/Animal Asset/Fox/Animations/Fox_Somersault_InPlace.fbx
  artifactKey: Guid(0473e26d90c4a994ead38f256c99c5b9) Importer(815301076,1909f56bfc062723c751e8b465ee728b)
Start importing Assets/Animal Asset/Fox/Animations/Fox_Somersault_InPlace.fbx using Guid(0473e26d90c4a994ead38f256c99c5b9) Importer(815301076,1909f56bfc062723c751e8b465ee728b) [PhysX] Initialized MultithreadedTaskDispatcher with 8 workers.
[PhysX] Initialized MultithreadedTaskDispatcher with 8 workers.
[PhysX] Initialized MultithreadedTaskDispatcher with 8 workers.
[PhysX] Initialized MultithreadedTaskDispatcher with 8 workers.
[PhysX] Initialized MultithreadedTaskDispatcher with 8 workers.
 -> (artifact id: 'b4ca973804fab9030a84dd6110f4e798') in 0.017465 seconds
Number of updated asset objects reloaded before import = 0
Number of asset objects unloaded after import = 93
========================================================================
Received Import Request.
  Time since last request: 0.017112 seconds.
  path: Assets/Animal Asset/Fox/Animations/Fox_Sit_Yes.fbx
  artifactKey: Guid(e73c2dbc3de029f41bbdd4fd33d9fef8) Importer(815301076,1909f56bfc062723c751e8b465ee728b)
Start importing Assets/Animal Asset/Fox/Animations/Fox_Sit_Yes.fbx using Guid(e73c2dbc3de029f41bbdd4fd33d9fef8) Importer(815301076,1909f56bfc062723c751e8b465ee728b) [PhysX] Initialized MultithreadedTaskDispatcher with 8 workers.
[PhysX] Initialized MultithreadedTaskDispatcher with 8 workers.
[PhysX] Initialized MultithreadedTaskDispatcher with 8 workers.
[PhysX] Initialized MultithreadedTaskDispatcher with 8 workers.
[PhysX] Initialized MultithreadedTaskDispatcher with 8 workers.
 -> (artifact id: '20a39e3fbd6d9ffca0ac83228887f5cb') in 0.019981 seconds
Number of updated asset objects reloaded before import = 0
Number of asset objects unloaded after import = 93
========================================================================
Received Import Request.
  Time since last request: 0.000033 seconds.
  path: Assets/Animal Asset/Fox/Animations/Fox_Idle.fbx
  artifactKey: Guid(09884bf878afb4549bea8fb4f77e5ea0) Importer(815301076,1909f56bfc062723c751e8b465ee728b)
Start importing Assets/Animal Asset/Fox/Animations/Fox_Idle.fbx using Guid(09884bf878afb4549bea8fb4f77e5ea0) Importer(815301076,1909f56bfc062723c751e8b465ee728b) [PhysX] Initialized MultithreadedTaskDispatcher with 8 workers.
[PhysX] Initialized MultithreadedTaskDispatcher with 8 workers.
[PhysX] Initialized MultithreadedTaskDispatcher with 8 workers.
[PhysX] Initialized MultithreadedTaskDispatcher with 8 workers.
[PhysX] Initialized MultithreadedTaskDispatcher with 8 workers.
 -> (artifact id: 'f683594c120a9e6a388f87725190d416') in 0.020406 seconds
Number of updated asset objects reloaded before import = 0
Number of asset objects unloaded after import = 93
========================================================================
Received Import Request.
  Time since last request: 0.000038 seconds.
  path: Assets/Animal Asset/Fox/Animations/Fox_Somersault.fbx
  artifactKey: Guid(ce33bd1fdecb0de4dba1419f7763a5b0) Importer(815301076,1909f56bfc062723c751e8b465ee728b)
Start importing Assets/Animal Asset/Fox/Animations/Fox_Somersault.fbx using Guid(ce33bd1fdecb0de4dba1419f7763a5b0) Importer(815301076,1909f56bfc062723c751e8b465ee728b) [PhysX] Initialized MultithreadedTaskDispatcher with 8 workers.
[PhysX] Initialized MultithreadedTaskDispatcher with 8 workers.
[PhysX] Initialized MultithreadedTaskDispatcher with 8 workers.
[PhysX] Initialized MultithreadedTaskDispatcher with 8 workers.
[PhysX] Initialized MultithreadedTaskDispatcher with 8 workers.
 -> (artifact id: '60bf5d1cea51b6ef0caf56efd8f85594') in 0.020795 seconds
Number of updated asset objects reloaded before import = 0
Number of asset objects unloaded after import = 93
========================================================================
Received Import Request.
  Time since last request: 0.000049 seconds.
  path: Assets/Animal Asset/Fox/Animations/Fox_Jump_InAir.fbx
  artifactKey: Guid(e004cd5a03acf764d911027f6ca2b528) Importer(815301076,1909f56bfc062723c751e8b465ee728b)
Start importing Assets/Animal Asset/Fox/Animations/Fox_Jump_InAir.fbx using Guid(e004cd5a03acf764d911027f6ca2b528) Importer(815301076,1909f56bfc062723c751e8b465ee728b) [PhysX] Initialized MultithreadedTaskDispatcher with 8 workers.
[PhysX] Initialized MultithreadedTaskDispatcher with 8 workers.
[PhysX] Initialized MultithreadedTaskDispatcher with 8 workers.
[PhysX] Initialized MultithreadedTaskDispatcher with 8 workers.
[PhysX] Initialized MultithreadedTaskDispatcher with 8 workers.
 -> (artifact id: '85b0c8c293e6bd260a41219853ac85b4') in 0.018751 seconds
Number of updated asset objects reloaded before import = 0
Number of asset objects unloaded after import = 93
========================================================================
Received Import Request.
  Time since last request: 0.000029 seconds.
  path: Assets/Animal Asset/Fox/Animations/Fox_Run_Left.fbx
  artifactKey: Guid(5ae8ff9eadf8f554688979fee65f0aef) Importer(815301076,1909f56bfc062723c751e8b465ee728b)
Start importing Assets/Animal Asset/Fox/Animations/Fox_Run_Left.fbx using Guid(5ae8ff9eadf8f554688979fee65f0aef) Importer(815301076,1909f56bfc062723c751e8b465ee728b) [PhysX] Initialized MultithreadedTaskDispatcher with 8 workers.
[PhysX] Initialized MultithreadedTaskDispatcher with 8 workers.
[PhysX] Initialized MultithreadedTaskDispatcher with 8 workers.
[PhysX] Initialized MultithreadedTaskDispatcher with 8 workers.
[PhysX] Initialized MultithreadedTaskDispatcher with 8 workers.
 -> (artifact id: '84ed3fb1efe37976bffdd2a3e5c92dfb') in 0.020879 seconds
Number of updated asset objects reloaded before import = 0
Number of asset objects unloaded after import = 93
========================================================================
Received Import Request.
  Time since last request: 0.000044 seconds.
  path: Assets/Animal Asset/Fox/Animations/Fox_Run_Right.fbx
  artifactKey: Guid(cc3accffe68d76c4fba0db9dc9cf4a4a) Importer(815301076,1909f56bfc062723c751e8b465ee728b)
Start importing Assets/Animal Asset/Fox/Animations/Fox_Run_Right.fbx using Guid(cc3accffe68d76c4fba0db9dc9cf4a4a) Importer(815301076,1909f56bfc062723c751e8b465ee728b) [PhysX] Initialized MultithreadedTaskDispatcher with 8 workers.
[PhysX] Initialized MultithreadedTaskDispatcher with 8 workers.
[PhysX] Initialized MultithreadedTaskDispatcher with 8 workers.
[PhysX] Initialized MultithreadedTaskDispatcher with 8 workers.
[PhysX] Initialized MultithreadedTaskDispatcher with 8 workers.
 -> (artifact id: '492e61d9c0ababf0e23f6c86155387e4') in 0.018930 seconds
Number of updated asset objects reloaded before import = 0
Number of asset objects unloaded after import = 93
========================================================================
Received Import Request.
  Time since last request: 0.013948 seconds.
  path: Assets/Animal Asset/Fox/Animations/Fox_Run_Right_InPlace.fbx
  artifactKey: Guid(490c9560e31fae748af6de79fbaecb10) Importer(815301076,1909f56bfc062723c751e8b465ee728b)
Start importing Assets/Animal Asset/Fox/Animations/Fox_Run_Right_InPlace.fbx using Guid(490c9560e31fae748af6de79fbaecb10) Importer(815301076,1909f56bfc062723c751e8b465ee728b) [PhysX] Initialized MultithreadedTaskDispatcher with 8 workers.
[PhysX] Initialized MultithreadedTaskDispatcher with 8 workers.
[PhysX] Initialized MultithreadedTaskDispatcher with 8 workers.
[PhysX] Initialized MultithreadedTaskDispatcher with 8 workers.
[PhysX] Initialized MultithreadedTaskDispatcher with 8 workers.
 -> (artifact id: '21ca261a9b5e51c072e1c941729cb24c') in 0.016963 seconds
Number of updated asset objects reloaded before import = 0
Number of asset objects unloaded after import = 93
========================================================================
Received Import Request.
  Time since last request: 0.056394 seconds.
  path: Assets/Animal Asset/Fox/Animations/Fox_Sit2_Idle.fbx
  artifactKey: Guid(a2e546d7d9c06c5438e2982ef4737ce3) Importer(815301076,1909f56bfc062723c751e8b465ee728b)
Start importing Assets/Animal Asset/Fox/Animations/Fox_Sit2_Idle.fbx using Guid(a2e546d7d9c06c5438e2982ef4737ce3) Importer(815301076,1909f56bfc062723c751e8b465ee728b) [PhysX] Initialized MultithreadedTaskDispatcher with 8 workers.
[PhysX] Initialized MultithreadedTaskDispatcher with 8 workers.
[PhysX] Initialized MultithreadedTaskDispatcher with 8 workers.
[PhysX] Initialized MultithreadedTaskDispatcher with 8 workers.
[PhysX] Initialized MultithreadedTaskDispatcher with 8 workers.
 -> (artifact id: '26502abe0a7b79ecbbbd4c6f564bd760') in 0.025635 seconds
Number of updated asset objects reloaded before import = 0
Number of asset objects unloaded after import = 93
========================================================================
Received Import Request.
  Time since last request: 365.350470 seconds.
  path: Assets/Audio/BGM.wav
  artifactKey: Guid(9ef12cb52ec974c47823608153824a95) Importer(815301076,1909f56bfc062723c751e8b465ee728b)
Start importing Assets/Audio/BGM.wav using Guid(9ef12cb52ec974c47823608153824a95) Importer(815301076,1909f56bfc062723c751e8b465ee728b) [PhysX] Initialized MultithreadedTaskDispatcher with 8 workers.
[PhysX] Initialized MultithreadedTaskDispatcher with 8 workers.
 -> (artifact id: '77cc55ce28b94037fcd1e5dda7af2068') in 0.072851 seconds
Number of updated asset objects reloaded before import = 0
Number of asset objects unloaded after import = 2
========================================================================
Received Import Request.
  Time since last request: 2.164080 seconds.
  path: Assets/Audio/Deer/Deer Original.wav
  artifactKey: Guid(e60c9baa4416841b8bdadc73c4277a8b) Importer(815301076,1909f56bfc062723c751e8b465ee728b)
Start importing Assets/Audio/Deer/Deer Original.wav using Guid(e60c9baa4416841b8bdadc73c4277a8b) Importer(815301076,1909f56bfc062723c751e8b465ee728b) [PhysX] Initialized MultithreadedTaskDispatcher with 8 workers.
[PhysX] Initialized MultithreadedTaskDispatcher with 8 workers.
 -> (artifact id: '9225b186e0574625467946a51f71ba01') in 0.006029 seconds
Number of updated asset objects reloaded before import = 0
Number of asset objects unloaded after import = 2
========================================================================
Received Import Request.
  Time since last request: 1.047885 seconds.
  path: Assets/Audio/Deer/State1/Deer S1 A.wav
  artifactKey: Guid(ccb297d9767da4a91bcb4756fe2c068b) Importer(815301076,1909f56bfc062723c751e8b465ee728b)
Start importing Assets/Audio/Deer/State1/Deer S1 A.wav using Guid(ccb297d9767da4a91bcb4756fe2c068b) Importer(815301076,1909f56bfc062723c751e8b465ee728b) [PhysX] Initialized MultithreadedTaskDispatcher with 8 workers.
[PhysX] Initialized MultithreadedTaskDispatcher with 8 workers.
 -> (artifact id: '1e6719a3e3331b21347e4b6e58f55b10') in 0.004770 seconds
Number of updated asset objects reloaded before import = 0
Number of asset objects unloaded after import = 2
========================================================================
Received Import Request.
  Time since last request: 0.000115 seconds.
  path: Assets/Audio/Deer/State1/Deer S1 C.wav
  artifactKey: Guid(f50e2f007cdc846b8a1a40fd22f7c590) Importer(815301076,1909f56bfc062723c751e8b465ee728b)
Start importing Assets/Audio/Deer/State1/Deer S1 C.wav using Guid(f50e2f007cdc846b8a1a40fd22f7c590) Importer(815301076,1909f56bfc062723c751e8b465ee728b) [PhysX] Initialized MultithreadedTaskDispatcher with 8 workers.
[PhysX] Initialized MultithreadedTaskDispatcher with 8 workers.
 -> (artifact id: 'cf982953f189b88ac78305c87f51c594') in 0.006933 seconds
Number of updated asset objects reloaded before import = 0
Number of asset objects unloaded after import = 2
========================================================================
Received Import Request.
  Time since last request: 0.000119 seconds.
  path: Assets/Audio/Deer/State1/Deer S1 D.wav
  artifactKey: Guid(94e986b3ca8c542d1929e49ee6a91b6a) Importer(815301076,1909f56bfc062723c751e8b465ee728b)
Start importing Assets/Audio/Deer/State1/Deer S1 D.wav using Guid(94e986b3ca8c542d1929e49ee6a91b6a) Importer(815301076,1909f56bfc062723c751e8b465ee728b) [PhysX] Initialized MultithreadedTaskDispatcher with 8 workers.
[PhysX] Initialized MultithreadedTaskDispatcher with 8 workers.
 -> (artifact id: 'd271a8398599c84c0a6fe3a40e057030') in 0.008986 seconds
Number of updated asset objects reloaded before import = 0
Number of asset objects unloaded after import = 2
========================================================================
Received Import Request.
  Time since last request: 29.819194 seconds.
  path: Assets/Audio/Deer/State2/Deer S2 A.wav
  artifactKey: Guid(43f603c51f26b465ba50a628669c1b2f) Importer(815301076,1909f56bfc062723c751e8b465ee728b)
Start importing Assets/Audio/Deer/State2/Deer S2 A.wav using Guid(43f603c51f26b465ba50a628669c1b2f) Importer(815301076,1909f56bfc062723c751e8b465ee728b) [PhysX] Initialized MultithreadedTaskDispatcher with 8 workers.
[PhysX] Initialized MultithreadedTaskDispatcher with 8 workers.
 -> (artifact id: '2fb3262d33bd50ffd7f1e1c3185f18db') in 0.006160 seconds
Number of updated asset objects reloaded before import = 0
Number of asset objects unloaded after import = 2
========================================================================
Received Import Request.
  Time since last request: 0.003467 seconds.
  path: Assets/Audio/Deer/State2/Deer S2 D.wav
  artifactKey: Guid(f223f6a3871504e15b968e455a0347b3) Importer(815301076,1909f56bfc062723c751e8b465ee728b)
Start importing Assets/Audio/Deer/State2/Deer S2 D.wav using Guid(f223f6a3871504e15b968e455a0347b3) Importer(815301076,1909f56bfc062723c751e8b465ee728b) [PhysX] Initialized MultithreadedTaskDispatcher with 8 workers.
[PhysX] Initialized MultithreadedTaskDispatcher with 8 workers.
 -> (artifact id: '33596bec83d3fbca9bc83e1c475abcc4') in 0.005211 seconds
Number of updated asset objects reloaded before import = 0
Number of asset objects unloaded after import = 2
========================================================================
Received Prepare
Caller must complete domain reload
Begin MonoManager ReloadAssembly
Thread 0x16b3ef000 may have been prematurely finalized
Symbol file LoadedFromMemory is not a mono symbol file
- Loaded All Assemblies, in  0.489 seconds
Native extension for AppleTV target not found
Native extension for VisionOS target not found
Native extension for iOS target not found
Native extension for Android target not found
Native extension for OSXStandalone target not found
[Package Manager] Server::EnsureServerProcessIsRunning -- launch failed, reason: Unity was launched with the -noUpm command-line argument
[Package Manager] UpmClient::Send -- Unable to send message (not connected to UPM process).
[Package Manager] Cannot connect to Unity Package Manager local server
[Package Manager] Server::EnsureServerProcessIsRunning -- launch failed, reason: Unity was launched with the -noUpm command-line argument
[Package Manager] UpmClient::Send -- Unable to send message (not connected to UPM process).
[Package Manager] Cannot connect to Unity Package Manager local server
[Package Manager] Server::EnsureServerProcessIsRunning -- launch failed, reason: Unity was launched with the -noUpm command-line argument
[Package Manager] UpmClient::Send -- Unable to send message (not connected to UPM process).
[Package Manager] Cannot connect to Unity Package Manager local server
Mono: successfully reloaded assembly
[Package Manager] Server::EnsureServerProcessIsRunning -- launch failed, reason: Unity was launched with the -noUpm command-line argument
[Package Manager] UpmClient::Send -- Unable to send message (not connected to UPM process).
[Package Manager] Cannot connect to Unity Package Manager local server
- Finished resetting the current domain, in  1.493 seconds
Domain Reload Profiling: 1982ms
	BeginReloadAssembly (159ms)
		ExecutionOrderSort (0ms)
		DisableScriptedObjects (11ms)
		BackupInstance (0ms)
		ReleaseScriptingObjects (0ms)
		CreateAndSetChildDomain (72ms)
	RebuildCommonClasses (24ms)
	RebuildNativeTypeToScriptingClass (8ms)
	initialDomainReloadingComplete (19ms)
	LoadAllAssembliesAndSetupDomain (279ms)
		LoadAssemblies (243ms)
		RebuildTransferFunctionScriptingTraits (0ms)
		AnalyzeDomain (72ms)
			TypeCache.Refresh (14ms)
				TypeCache.ScanAssembly (2ms)
			ScanForSourceGeneratedMonoScriptInfo (39ms)
			ResolveRequiredComponents (18ms)
	FinalizeReload (1493ms)
		ReleaseScriptCaches (0ms)
		RebuildScriptCaches (0ms)
		SetupLoadedEditorAssemblies (523ms)
			LogAssemblyErrors (0ms)
			InitializePlatformSupportModulesInManaged (25ms)
			SetLoadedEditorAssemblies (3ms)
			RefreshPlugins (0ms)
			BeforeProcessingInitializeOnLoad (64ms)
			ProcessInitializeOnLoadAttributes (396ms)
			ProcessInitializeOnLoadMethodAttributes (34ms)
			AfterProcessingInitializeOnLoad (1ms)
			EditorAssembliesLoaded (0ms)
		ExecutionOrderSort2 (0ms)
		AwakeInstancesAfterBackupRestoration (14ms)
Shader 'Oculus/OVRMRCameraFrameLit': fallback shader 'Alpha-Diffuse' not found
Shader 'Meta/MRUK/Scene/HighlightsAndShadows': fallback shader 'Off' not found
Refreshing native plugins compatible for Editor in 2.90 ms, found 11 plugins.
Preloading 2 native plugins for Editor in 0.33 ms.
Unloading 8001 Unused Serialized files (Serialized files now loaded: 0)
Unloading 33 unused Assets / (3.4 MB). Loaded Objects now: 9214.
Memory consumption went from 463.4 MB to 460.1 MB.
Total: 5.209583 ms (FindLiveObjects: 0.256791 ms CreateObjectMapping: 0.124750 ms MarkObjects: 4.506375 ms  DeleteObjects: 0.321041 ms)

Prepare: number of updated asset objects reloaded= 0
AssetImportParameters requested are different than current active one (requested -> active):
  custom:container-demuxer-ogg: 62fdf1f143b41e24485cea50d1cbac27 -> 
  custom:container-muxer-webm: aa71ff27fc2769a1b78a27578f13a17b -> 
  custom:video-decoder-webm-vp8: 9c59270c3fd7afecdb556c50c9e8de78 -> 
  custom:SearchIndexIgnoredProperties: e643bd26f0fe6173181afceb89e7c659 -> 
  custom:AudioImporter_EditorPlatform: 3918e3fc78b5a79bad01e8451be0beb8 -> 
  custom:audio-decoder-ogg-vorbis: bf7c407c2cedff20999df2af8eb42d56 -> 
  custom:audio-encoder-webm-vorbis: bf7c407c2cedff20999df2af8eb42d56 -> 
  custom:scripting/precompiled-assembly-types:Assembly-CSharp: ec9707e22e3342e7b7cbe0bf7082b680 -> 5c56344c110a598e59555a8ee14399d7
  custom:video-decoder-ogg-theora: a1e56fd34408186e4bbccfd4996cb3dc -> 
  custom:CustomObjectIndexerAttribute: 3ead1caaecf1c488f20bcfeb224b6af5 -> 
  custom:container-demuxer-webm: 4f35f7cbe854078d1ac9338744f61a02 -> 
  custom:framework-osx-AVFoundation: e770b220cccbd017edd2c1fefb359320 -> 
  custom:video-encoder-webm-vp8: eb34c28f22e8b96e1ab97ce403110664 -> 
========================================================================
Received Prepare
Shader 'Oculus/OVRMRCameraFrameLit': fallback shader 'Alpha-Diffuse' not found
Shader 'Meta/MRUK/Scene/HighlightsAndShadows': fallback shader 'Off' not found
Refreshing native plugins compatible for Editor in 24.46 ms, found 11 plugins.
Preloading 2 native plugins for Editor in 1.06 ms.
Unloading 18 Unused Serialized files (Serialized files now loaded: 0)
Unloading 18 unused Assets / (3.4 MB). Loaded Objects now: 9214.
Memory consumption went from 332.8 MB to 329.4 MB.
Total: 15.511667 ms (FindLiveObjects: 0.431333 ms CreateObjectMapping: 0.278208 ms MarkObjects: 14.351834 ms  DeleteObjects: 0.449875 ms)

Shader 'Meta/MRUK/Scene/HighlightsAndShadows': fallback shader 'Off' not found
Prepare: number of updated asset objects reloaded= 151
AssetImportParameters requested are different than current active one (requested -> active):
  custom:container-demuxer-ogg: 62fdf1f143b41e24485cea50d1cbac27 -> 
  custom:container-muxer-webm: aa71ff27fc2769a1b78a27578f13a17b -> 
  custom:video-decoder-webm-vp8: 9c59270c3fd7afecdb556c50c9e8de78 -> 
  custom:SearchIndexIgnoredProperties: e643bd26f0fe6173181afceb89e7c659 -> 
  custom:AudioImporter_EditorPlatform: 3918e3fc78b5a79bad01e8451be0beb8 -> 
  custom:audio-decoder-ogg-vorbis: bf7c407c2cedff20999df2af8eb42d56 -> 
  custom:audio-encoder-webm-vorbis: bf7c407c2cedff20999df2af8eb42d56 -> 
  custom:scripting/precompiled-assembly-types:Assembly-CSharp: ec9707e22e3342e7b7cbe0bf7082b680 -> 5c56344c110a598e59555a8ee14399d7
  custom:video-decoder-ogg-theora: a1e56fd34408186e4bbccfd4996cb3dc -> 
  custom:CustomObjectIndexerAttribute: 3ead1caaecf1c488f20bcfeb224b6af5 -> 
  custom:container-demuxer-webm: 4f35f7cbe854078d1ac9338744f61a02 -> 
  custom:framework-osx-AVFoundation: e770b220cccbd017edd2c1fefb359320 -> 
  custom:video-encoder-webm-vp8: eb34c28f22e8b96e1ab97ce403110664 -> 
========================================================================
Received Import Request.
  Time since last request: 1718.486708 seconds.
  path: Assets/Animal Asset/model/sqr/SQR.png
  artifactKey: Guid(5fa6f7673459d41638184ceb47738790) Importer(815301076,1909f56bfc062723c751e8b465ee728b)
Start importing Assets/Animal Asset/model/sqr/SQR.png using Guid(5fa6f7673459d41638184ceb47738790) Importer(815301076,1909f56bfc062723c751e8b465ee728b) [PhysX] Initialized MultithreadedTaskDispatcher with 8 workers.
[PhysX] Initialized MultithreadedTaskDispatcher with 8 workers.
 -> (artifact id: 'fff4d13abb911e68ddc1fa914257233b') in 0.139341 seconds
Number of updated asset objects reloaded before import = 0
Number of asset objects unloaded after import = 2
========================================================================
Received Import Request.
  Time since last request: 693.185478 seconds.
  path: Assets/Audio/Soundpack(mp3)/BGM.mp3
  artifactKey: Guid(85f408303087f498994094fcd1b447fa) Importer(815301076,1909f56bfc062723c751e8b465ee728b)
Start importing Assets/Audio/Soundpack(mp3)/BGM.mp3 using Guid(85f408303087f498994094fcd1b447fa) Importer(815301076,1909f56bfc062723c751e8b465ee728b) [PhysX] Initialized MultithreadedTaskDispatcher with 8 workers.
[PhysX] Initialized MultithreadedTaskDispatcher with 8 workers.
 -> (artifact id: 'd4fb5ccfc1c396d31f2a2088c9ffc00d') in 0.059511 seconds
Number of updated asset objects reloaded before import = 0
Number of asset objects unloaded after import = 2
========================================================================
Received Import Request.
  Time since last request: 7.451119 seconds.
  path: Assets/Audio/Soundpack(mp3)/Thrush/State1/Thrush S1 A.mp3
  artifactKey: Guid(2e43af08a0d0c4ade8751d5b028e464d) Importer(815301076,1909f56bfc062723c751e8b465ee728b)
Start importing Assets/Audio/Soundpack(mp3)/Thrush/State1/Thrush S1 A.mp3 using Guid(2e43af08a0d0c4ade8751d5b028e464d) Importer(815301076,1909f56bfc062723c751e8b465ee728b) [PhysX] Initialized MultithreadedTaskDispatcher with 8 workers.
[PhysX] Initialized MultithreadedTaskDispatcher with 8 workers.
 -> (artifact id: 'a69e50f6d276aa973401e26d15f4298e') in 0.006219 seconds
Number of updated asset objects reloaded before import = 0
Number of asset objects unloaded after import = 2
========================================================================
Received Import Request.
  Time since last request: 0.000048 seconds.
  path: Assets/Audio/Soundpack(mp3)/Thrush/State1/Thrush S1 D.mp3
  artifactKey: Guid(7dc8efd53bc7849cdbcadafa50588ef4) Importer(815301076,1909f56bfc062723c751e8b465ee728b)
Start importing Assets/Audio/Soundpack(mp3)/Thrush/State1/Thrush S1 D.mp3 using Guid(7dc8efd53bc7849cdbcadafa50588ef4) Importer(815301076,1909f56bfc062723c751e8b465ee728b) [PhysX] Initialized MultithreadedTaskDispatcher with 8 workers.
[PhysX] Initialized MultithreadedTaskDispatcher with 8 workers.
 -> (artifact id: '4bc2001bea5a2f038ef2d93b0feb249e') in 0.005413 seconds
Number of updated asset objects reloaded before import = 0
Number of asset objects unloaded after import = 2
========================================================================
Received Import Request.
  Time since last request: 19.065654 seconds.
  path: Assets/Audio/Soundpack(mp3)/Squirrel&Cricket
  artifactKey: Guid(50262a659cfac4b6782b996bd9c2dd61) Importer(815301076,1909f56bfc062723c751e8b465ee728b)
Start importing Assets/Audio/Soundpack(mp3)/Squirrel&Cricket using Guid(50262a659cfac4b6782b996bd9c2dd61) Importer(815301076,1909f56bfc062723c751e8b465ee728b) [PhysX] Initialized MultithreadedTaskDispatcher with 8 workers.
 -> (artifact id: 'a66e5e7e643cad3e24de0481bf7fec80') in 0.000371 seconds
Number of updated asset objects reloaded before import = 0
Number of asset objects unloaded after import = 0
========================================================================
Received Import Request.
  Time since last request: 1.249027 seconds.
  path: Assets/Audio/Soundpack(mp3)/Squirrel&Cricket/State1
  artifactKey: Guid(90e20de8675764d7fb8fb1e7cfb15e81) Importer(815301076,1909f56bfc062723c751e8b465ee728b)
Start importing Assets/Audio/Soundpack(mp3)/Squirrel&Cricket/State1 using Guid(90e20de8675764d7fb8fb1e7cfb15e81) Importer(815301076,1909f56bfc062723c751e8b465ee728b) [PhysX] Initialized MultithreadedTaskDispatcher with 8 workers.
 -> (artifact id: 'cb5dc219dd84ecfe65ae585dad75ab8d') in 0.000311 seconds
Number of updated asset objects reloaded before import = 0
Number of asset objects unloaded after import = 0
========================================================================
Received Import Request.
  Time since last request: 0.106412 seconds.
  path: Assets/Audio/Soundpack(mp3)/Squirrel&Cricket/State1/S&C S1 A,B,C.mp3
  artifactKey: Guid(93485d90b0f0748c8b8257f18f9725da) Importer(815301076,1909f56bfc062723c751e8b465ee728b)
Start importing Assets/Audio/Soundpack(mp3)/Squirrel&Cricket/State1/S&C S1 A,B,C.mp3 using Guid(93485d90b0f0748c8b8257f18f9725da) Importer(815301076,1909f56bfc062723c751e8b465ee728b) [PhysX] Initialized MultithreadedTaskDispatcher with 8 workers.
[PhysX] Initialized MultithreadedTaskDispatcher with 8 workers.
 -> (artifact id: 'e35f2dc5cf43977f19ed470affd878ab') in 0.007975 seconds
Number of updated asset objects reloaded before import = 0
Number of asset objects unloaded after import = 2
